更新日,代號,名稱,市場,今收,漲停,跌停,threshold3,threshold4,條件3,條件4,條件6門檻(TP)
2026/10/08,2492,華新科,上市,420,462,378,-41.33,-160.5,必成立,必成立,417.8771
2026/10/08,6173,信昌電陶,上櫃,284,312,256,303,-49.09,盤中決定,必成立,296.5908
2026/10/08,3026,禾伸堂,上市,877,964,790,589.67,65.59,必成立,必成立,855.8155
2026/10/08,3581,博磊,上櫃,110.5,121.5,99.5,63.13,87.67,必成立,必成立,117.071
2026/10/08,8042,金山電子,上櫃,138.5,152,125,68.17,57.67,必成立,必成立,128.8475
2026/10/08,2221,大甲,上櫃,192,211,173,-57.53,-347.62,必成立,必成立,205.9408
2026/10/08,6225,天瀚,上市,71.6,78.7,64.5,25.9,-44.26,必成立,必成立,70.6236
2026/10/08,5464,霖宏科技,上櫃,94.6,104,85.2,78.23,10.29,必成立,必成立,94.4752
2026/10/08,6182,合晶科技,上櫃,129,141.5,116.5,59.67,39.3,必成立,必成立,135.8881
2026/10/08,6449,鈺邦,上市,271,298,244,78.83,137.36,必成立,必成立,257.8469
2026/10/08,6861,睿生光電,上市,262.5,288.5,236.5,166.17,-22.73,必成立,必成立,289.7695
2026/10/08,8227,巨有科技,上櫃,335,368.5,301.5,25.67,-483.23,必成立,必成立,385.5869
2026/10/08,6147,頎邦科技,上櫃,226,248.5,203.5,158,-2.41,必成立,必成立,228.5212
2026/10/08,3090,日電貿,上市,174,191,157,128.83,127.14,必成立,必成立,175.3397
2026/10/08,3498,陽程,上櫃,225.5,248,203,82,-111.61,必成立,必成立,237.2942
2026/10/08,2327,國巨*,上市,635,698,572,273,364.86,必成立,必成立,653.7241
2026/10/08,2305,全友,上市,64.7,71.1,58.3,39.38,-54.36,必成立,必成立,64.1341
2026/10/08,5321,美而快,上櫃,70.8,77.8,63.8,75.63,56.49,盤中決定,必成立,68.6832
2026/10/08,2483,百容,上市,38.3,42.1,34.5,7.15,22.61,必成立,必成立,40.4467
2026/10/08,3167,大量,上市,1055,1160,950,240,-372.32,必成立,必成立,1056.0745
2026/10/08,6213,聯茂,上市,806,886,726,-339.67,-821.91,必成立,必成立,823.0741
2026/10/08,6735,美達科技,上櫃,62.6,68.8,56.4,58.83,63.71,盤中決定,盤中決定,65.1892
2026/10/08,3081,聯亞,上櫃,2960,3255,2665,1805,676.82,必成立,必成立,3002.8042
2026/10/08,3624,光頡科技,上櫃,175,192.5,157.5,27.67,-137.15,必成立,必成立,167.6266
2026/10/08,3406,玉晶光,上市,1060,1165,954,523.33,-491.68,必成立,必成立,1056.1144
2026/10/08,3481,群創,上市,51,56.1,45.9,41.95,37.68,必成立,必成立,52.7534
2026/10/08,4908,前鼎光電,上櫃,243.5,267.5,219.5,161.67,-55.32,必成立,必成立,239.6385
2026/10/08,2472,立隆電,上市,243.5,267.5,219.5,135,217.73,必成立,必成立,241.3913
2026/10/08,2243,宏旭-KY,上市,59.3,65.2,53.4,21.12,-1.16,必成立,必成立,59.627
2026/10/08,6116,彩晶,上市,15.1,16.6,13.6,11.88,9.02,必成立,必成立,15.828
2026/10/08,1714,和桐,上市,19.95,21.9,18,2.3,2.5,必成立,必成立,19.7437
2026/10/08,6658,聯策,上市,214.5,235.5,193.5,50.33,2.18,必成立,必成立,210.1242
2026/10/08,1718,中纖,上市,12.2,13.4,11,7.1,7.67,必成立,必成立,11.6503
2026/10/08,6924,榮惠-KY創,上市,133.5,146.5,120.5,139.33,56.39,盤中決定,必成立,133.3292
2026/10/08,2302,麗正,上市,50.1,55.1,45.1,25.62,18.84,必成立,必成立,49.4428
2026/10/08,2478,大毅,上市,134.5,147.5,121.5,77.83,94.63,必成立,必成立,133.8967
2026/10/08,3008,大立光,上市,6660,7325,5995,4178.33,375.91,必成立,必成立,6692.0578
2026/10/08,6834,天二科技,上市,132,145,119,44.1,-15.83,必成立,必成立,132.5683
2026/10/08,3455,由田新技,上櫃,284,312,256,129.83,0.32,必成立,必成立,289.1369
2026/10/08,3543,州巧,上市,56.1,61.7,50.5,9.95,-17.25,必成立,必成立,56.7621
2026/10/08,2426,鼎元,上市,103,113,92.7,66.57,-23.22,必成立,必成立,106.1843
2026/10/08,4760,勤凱,上櫃,367,403.5,330.5,-47,-111.45,必成立,必成立,358.8726
2026/10/08,2303,聯電,上市,147.5,162,133,161.17,67.77,盤中決定,必成立,151.2287
2026/10/08,3234,光環,上櫃,183,201,165,155,23.55,必成立,必成立,180.9171
2026/10/08,6933,AMAX-KY,上市,382,420,344,188.33,-308.59,必成立,必成立,392.4654
2026/10/08,8277,商丞科技,上櫃,15.45,16.95,13.95,-0.99,-15.57,必成立,必成立,16.659
2026/10/08,6141,柏承,上市,51.3,56.4,46.2,47.6,15.46,盤中決定,必成立,51.8137
2026/10/08,2486,一詮,上市,238.5,262,215,214.33,213.64,必成立,必成立,242.561
2026/10/08,1815,富喬,上櫃,135,148.5,121.5,72.33,-10.37,必成立,必成立,131.3514
2026/10/08,3675,德微,上櫃,344,378,310,145.83,-5.64,必成立,必成立,365.0388
2026/10/08,3443,創意,上市,8360,9195,7525,2626.67,-5801.82,必成立,必成立,8739.4282
2026/10/08,2375,凱美,上市,130.5,143.5,117.5,86.33,114.55,必成立,必成立,130.2438
2026/10/08,7711,永擎,上市,635,698,572,217,-220.5,必成立,必成立,641.8669
2026/10/08,6234,高僑,上櫃,39.5,43.45,35.55,28.37,21.15,必成立,必成立,41.1107
2026/10/08,3191,雲嘉南,上櫃,17.45,19.15,15.75,14.12,18.89,必成立,盤中決定,17.5124
2026/10/08,5228,鈺鎧,上櫃,61.3,67.4,55.2,-12.83,-10.14,必成立,必成立,57.6851
2026/10/08,2061,風青,上櫃,67.3,74,60.6,4.93,1.65,必成立,必成立,70.4587
2026/10/08,8039,台虹,上市,305.5,336,275,155.5,81.82,必成立,必成立,306.2491
2026/10/08,3048,益登,上市,57,62.7,51.3,38.1,47.99,必成立,必成立,55.4953
2026/10/08,6531,愛普*,上市,980,1075,882,706,354.55,必成立,必成立,1018.0808
2026/10/08,5425,台半,上櫃,100.5,110.5,90.5,56.73,34.9,必成立,必成立,104.4702
2026/10/08,4958,臻鼎-KY,上市,592,651,533,124,64.91,必成立,必成立,604.3415
2026/10/08,4556,旭然,上櫃,145,159.5,130.5,-92.53,-105.89,必成立,必成立,146.9584
2026/10/08,6239,力成,上市,308,338.5,277.5,195.83,152.95,必成立,必成立,311.1903
2026/10/08,1785,光洋科技,上櫃,103.5,113.5,93.2,62.6,90.5,必成立,必成立,107.2546
2026/10/08,3236,千如電機,上櫃,58.9,64.7,53.1,1.35,-0.66,必成立,必成立,58.0687
2026/10/08,5475,德宏工業,上櫃,203,223,183,130.5,59.05,必成立,必成立,192.4233
2026/10/08,3021,鴻名,上市,27.1,29.8,24.4,20.58,2.8,必成立,必成立,28.386
2026/10/08,2493,揚博,上市,216.5,238,195,95,137.73,必成立,必成立,218.0299
2026/10/08,6789,采鈺,上市,481,529,433,366.83,332.27,必成立,必成立,493.498
2026/10/08,7556,意德士,上櫃,290,319,261,109.67,30.05,必成立,必成立,297.7204
2026/10/08,6805,富世達,上市,2370,2605,2135,1868.33,-115.45,必成立,必成立,2434.5959
2026/10/08,6432,今展科,上櫃,66.2,72.8,59.6,30.53,64.39,必成立,盤中決定,68.6519
2026/10/08,1595,川寶,上櫃,73.4,80.7,66.1,64.7,28.63,必成立,必成立,75.9751
2026/10/08,8358,金居開發,上櫃,535,588,481.5,295.67,-10.23,必成立,必成立,550.0324
2026/10/08,3653,健策,上市,7165,7880,6450,2120,-3193.18,必成立,必成立,7282.5691
2026/10/08,3037,欣興,上市,1270,1395,1145,163,-263.73,必成立,必成立,1360.6264
2026/10/08,6205,詮欣,上市,70.6,77.6,63.6,46.53,28.82,必成立,必成立,73.8969
2026/10/08,4951,精拓科,上櫃,88.3,97.1,79.5,83.37,50.67,盤中決定,必成立,90.2294
2026/10/08,4916,事欣科,上市,102,112,91.8,87.03,88.56,必成立,必成立,105.3773
2026/10/08,4707,磐亞,上櫃,32.8,36.05,29.55,12.28,25.34,必成立,必成立,33.0358
2026/10/08,3537,堡達,上櫃,56.9,62.5,51.3,43.1,45.97,必成立,必成立,57.3479
2026/10/08,3284,太普高,上櫃,21.25,23.35,19.15,11.92,17.53,必成立,必成立,21.7655
2026/10/08,4979,華星光,上櫃,565,621,509,532,302.45,盤中決定,必成立,573.3642
2026/10/08,3388,崇越電通,上櫃,87,95.7,78.3,67.97,66.46,必成立,必成立,86.5645
2026/10/08,3430,奇鈦科,上櫃,111,122,99.9,83.83,107.58,必成立,盤中決定,114.2925
2026/10/08,6274,台燿科技,上櫃,1740,1910,1570,216.67,9.55,必成立,必成立,1789.8797
2026/10/08,3450,聯鈞,上市,522,574,470,480.83,404.77,盤中決定,必成立,532.3006
2026/10/08,6166,凌華,上市,125,137.5,112.5,91,115.91,必成立,盤中決定,132.4403
2026/10/08,3532,台勝科,上市,509,559,458.5,252,-28.14,必成立,必成立,504.0999
2026/10/08,6426,統新,上市,341,375,307,340.67,-138.86,盤中決定,必成立,351.7117
2026/10/08,4939,亞電,上櫃,78.3,86.1,70.5,83.7,47.2,盤中決定,必成立,76.7741
2026/10/08,8046,南電,上市,1475,1620,1330,-46.67,-216.82,必成立,必成立,1566.2661
2026/10/08,7751,竑騰,上櫃,1620,1780,1460,988.33,793.64,必成立,必成立,1635.2863
2026/10/08,2455,全新,上市,558,613,503,427.67,-129.23,必成立,必成立,571.0778
2026/10/08,6488,環球晶,上櫃,1130,1240,1020,97,188.64,必成立,必成立,1226.5891
2026/10/08,6278,台表科,上市,248,272.5,223.5,48.67,-49.82,必成立,必成立,246.8059
2026/10/08,8155,博智,上櫃,326.5,359,294,301.67,277,盤中決定,必成立,327.6751
2026/10/08,3357,臺慶科,上櫃,226.5,249,204,136.67,162.18,必成立,必成立,226.0471
2026/10/08,3055,蔚華科,上市,223,245,201,45.17,-170.39,必成立,必成立,231.235
2026/10/08,2033,佳大,上市,52.2,57.4,47,-34.23,-88.82,必成立,必成立,56.8068
2026/10/08,4991,環宇-KY,上櫃,511,562,460,274.17,232.36,必成立,必成立,526.2295
2026/10/08,6207,雷科,上櫃,146,160.5,131.5,19.67,-28.58,必成立,必成立,154.949
2026/10/08,2454,聯發科,上市,4690,5155,4225,4541.67,1199.09,盤中決定,必成立,4901.0538
2026/10/08,4971,IET-KY,上櫃,596,655,537,421,194.91,必成立,必成立,594.8608
2026/10/08,3362,先進光,上櫃,190,209,171,105.17,124.77,必成立,必成立,191.6891
2026/10/08,1727,中華化,上市,107,117.5,96.3,86.3,7.98,必成立,必成立,112.7442
2026/10/08,1303,南亞,上市,310,341,279,-8,-163.14,必成立,必成立,310.555
2026/10/08,6654,天正國際,上櫃,218,239.5,196.5,142.33,51.14,必成立,必成立,221.7261
2026/10/08,6727,亞泰金屬,上櫃,530,583,477,323.5,106.86,必成立,必成立,531.1479
2026/10/08,2383,台光電,上市,6000,6600,5400,1591.67,2500,必成立,必成立,5989.2906
2026/10/08,2344,華邦電,上市,177,194.5,159.5,148.5,131.5,必成立,必成立,179.794
2026/10/08,3583,辛耘,上市,736,809,663,504.33,580.09,必成立,必成立,751.3179
2026/10/08,6217,中國探針,上櫃,168,184.5,151.5,155.5,126.05,盤中決定,必成立,173.5652
2026/10/08,3042,晶技,上市,211,232,190,118.5,47.91,必成立,必成立,219.8138
2026/10/08,1591,駿吉-KY,上櫃,41.4,45.5,37.3,36.08,23.56,必成立,必成立,41.912
2026/10/08,7788,松川精密,上市,305,335.5,274.5,125.67,-7.5,必成立,必成立,328.0483
2026/10/08,2464,盟立,上市,187,205.5,168.5,193.17,134.73,盤中決定,必成立,189.0058
2026/10/08,6226,光鼎,上市,44.4,48.8,40,34.22,-29.5,必成立,必成立,45.5588
2026/10/08,3016,嘉晶,上市,183.5,201.5,165.5,-68.67,-202.23,必成立,必成立,201.9984
2026/10/08,6957,裕慶-KY,上市,448,492.5,403.5,-236.33,-494,必成立,必成立,460.742
2026/10/08,6218,豪勉科技,上櫃,56,61.6,50.4,52.87,-21.22,盤中決定,必成立,60.6742
2026/10/08,6208,日揚科技,上櫃,78.3,86.1,70.5,58.17,80.89,必成立,盤中決定,80.5575
2026/10/08,8150,南茂,上市,128,140.5,115.5,-6.2,-42.55,必成立,必成立,134.0729
2026/10/08,3605,宏致,上市,163,179,147,111.33,-66.08,必成立,必成立,173.5984
2026/10/08,5426,振發實業,上櫃,29.25,32.15,26.35,24.58,20.4,必成立,必成立,29.7405
2026/10/08,6419,京晨科,上櫃,158.5,174,143,95.5,77.27,必成立,必成立,165.628
2026/10/08,6550,北極星藥業-KY,上市,16.7,18.35,15.05,-4.55,-6.36,必成立,必成立,17.977
2026/10/08,4542,科嶠,上櫃,329,361.5,296.5,134.5,78.95,必成立,必成立,350.5658
2026/10/08,6770,力積電,上市,72.2,79.4,65,66.8,47.4,盤中決定,必成立,74.482
2026/10/08,6672,騰輝電子-KY,上市,555,610,499.5,-343.33,-607.05,必成立,必成立,534.2264
2026/10/08,5285,界霖,上市,94.4,103.5,85,58.7,21.87,必成立,必成立,99.6487
2026/10/08,8043,蜜望實,上櫃,146.5,161,132,97.67,118.27,必成立,必成立,145.2064
2026/10/08,6175,立敦科技,上櫃,77.9,85.6,70.2,47.27,71.2,必成立,盤中決定,78.4316
2026/10/08,4924,欣厚-KY,上櫃,17.15,18.85,15.45,13.7,-4.24,必成立,必成立,16.0809
2026/10/08,2301,光寶科,上市,297.5,327,268,214.33,124.14,必成立,必成立,296.7918
2026/10/08,8040,九暘,上櫃,89,97.9,80.1,65.57,17.1,必成立,必成立,94.4727
2026/10/08,1809,中釉,上市,45.45,49.95,40.95,21.43,11.1,必成立,必成立,47.93
2026/10/08,4989,榮科,上市,73.2,80.5,65.9,17.87,31.92,必成立,必成立,72.9094
2026/10/08,3518,柏騰,上市,49.5,54.4,44.55,-30.85,-52.61,必成立,必成立,52.7044
2026/10/08,8064,東捷科技,上櫃,133.5,146.5,120.5,113,19.14,必成立,必成立,139.3811
2026/10/08,3490,單井,上櫃,45.2,49.7,40.7,40.57,15.34,必成立,必成立,46.3534
2026/10/08,3710,連展投控,上櫃,8.26,9.08,7.44,0.38,-4.21,必成立,必成立,8.7332
2026/10/08,8289,泰藝電子,上櫃,60.9,66.9,54.9,-3.25,-3.91,必成立,必成立,59.6469
2026/10/08,2428,興勤,上市,282,310,254,203.17,167.95,必成立,必成立,272.928
2026/10/08,3017,奇鋐,上市,3440,3780,3100,2631.67,668.18,必成立,必成立,3551.0978
2026/10/08,2321,東訊,上市,25.6,28.15,23.05,-9.58,-23.45,必成立,必成立,27.6749
2026/10/08,5489,彩富電子,上櫃,41.5,45.65,37.35,42.68,45.04,盤中決定,盤中決定,42.0175
2026/10/08,4919,新唐,上市,155.5,171,140,21.83,7.5,必成立,必成立,164.3068
2026/10/08,5351,鈺創科技,上櫃,115,126.5,103.5,88.83,75.45,必成立,必成立,115.2912
2026/10/08,3189,景碩,上市,1075,1180,968,89.33,-250.27,必成立,必成立,1132.0754
2026/10/08,3152,璟德電子,上櫃,243,267,219,159.83,189.95,必成立,必成立,243.8999
2026/10/08,2030,彰源,上市,35.55,39.1,32,-6.47,-34.74,必成立,必成立,39.6884
2026/10/08,3441,聯一光,上櫃,249.5,274,225,-81.83,-385.99,必成立,必成立,258.2355
2026/10/08,3714,富采,上市,67,73.7,60.3,61.37,28.29,盤中決定,必成立,68.2868
2026/10/08,2489,瑞軒,上市,41,45.1,36.9,41.93,17.45,盤中決定,必成立,40.7797
2026/10/08,4716,大立,上櫃,19.75,21.7,17.8,5.75,7.65,必成立,必成立,20.4713
2026/10/08,8476,台境*,上市,21.4,23.5,19.3,16.3,19.32,必成立,盤中決定,21.0558
2026/10/08,3661,世芯-KY,上市,4345,4775,3915,1581.67,1840,必成立,必成立,4255.3756
2026/10/08,1563,巧新,上市,79.3,87.2,71.4,59,15.12,必成立,必成立,79.7386
2026/10/08,4720,德淵,上市,25.55,28.1,23,-2.47,-1.99,必成立,必成立,24.9896
2026/10/08,2441,超豐,上市,127,139.5,114.5,100.83,87.47,必成立,必成立,127.9151
2026/10/08,4577,達航科技,上櫃,90.6,99.6,81.6,70.73,38.29,必成立,必成立,91.3074
2026/10/08,2481,強茂,上市,172.5,189.5,155.5,126.83,33.73,必成立,必成立,179.3349
2026/10/08,2340,台亞,上市,52.9,58.1,47.65,-21.17,-35,必成立,必成立,52.2478
2026/10/08,2368,金像電,上市,1285,1410,1160,261.33,12.45,必成立,必成立,1278.726
2026/10/08,6716,應廣,上櫃,138.5,152,125,15.33,-26.27,必成立,必成立,143.425
2026/10/08,3665,貿聯-KY,上市,2360,2595,2125,1620,1298.64,必成立,必成立,2457.2373
2026/10/08,7709,榮田,上櫃,81.6,89.7,73.5,83.57,37.18,盤中決定,必成立,85.0415
2026/10/08,1568,倉佑,上市,31.25,34.35,28.15,27.82,20.91,必成立,必成立,31.8862
2026/10/08,6168,宏齊,上市,40.35,44.35,36.35,20.68,-27.33,必成立,必成立,45.1245
2026/10/08,6642,富致,上櫃,77.6,85.3,69.9,74.17,73.61,盤中決定,盤中決定,80.5175
2026/10/08,6284,佳邦科技,上櫃,78.9,86.7,71.1,63.77,68.55,必成立,必成立,80.4375
2026/10/08,4960,誠美材,上市,23.8,26.15,21.45,15.1,10.46,必成立,必成立,24.7193
2026/10/08,6664,群翊,上櫃,373.5,410.5,336.5,225.83,228.77,必成立,必成立,387.3777
2026/10/08,6693,廣閎科,上櫃,196.5,216,177,138.33,81.68,必成立,必成立,208.1242
2026/10/08,8021,尖點,上市,557,612,502,100.5,-107.09,必成立,必成立,578.344
2026/10/08,1711,永光,上市,46.25,50.8,41.65,12.97,9.31,必成立,必成立,47.4578
2026/10/08,7792,安葆,上櫃,403.5,443.5,363.5,124.67,-289.77,必成立,必成立,438.5379
2026/10/08,2308,台達電,上市,1965,2160,1770,928.33,820.45,必成立,必成立,2036.5211
2026/10/08,6103,合邦電子,上櫃,37.8,41.55,34.05,27.8,18.23,必成立,必成立,38.3149
2026/10/08,6877,鏵友益,上櫃,134,147,121,66.5,57.45,必成立,必成立,140.8153
2026/10/08,4977,眾達-KY,上市,172.5,189.5,155.5,158.33,76,盤中決定,必成立,174.5037
2026/10/08,6156,松上,上櫃,23.8,26.15,21.45,11.32,13.93,必成立,必成立,23.9829
2026/10/08,3664,安瑞-KY,上櫃,8.2,9.02,7.38,8.53,2.37,盤中決定,必成立,8.2781
2026/10/08,3285,微端,上櫃,44.1,48.5,39.7,34.15,25.52,必成立,必成立,43.1931
2026/10/08,3114,好德科技,上櫃,38.35,42.15,34.55,-0.55,1.71,必成立,必成立,42.1304
2026/10/08,3289,宜特科技,上櫃,142.5,156.5,128.5,114,130.18,必成立,盤中決定,144.1081
2026/10/08,3363,上詮,上櫃,667,733,601,663,474.55,盤中決定,必成立,660.567
2026/10/08,5432,新門,上櫃,179.5,197,162,29.17,-55.38,必成立,必成立,192.2425
2026/10/08,3219,倚強科,上櫃,130,143,117,-15.27,-123.42,必成立,必成立,143.1813
2026/10/08,4956,光鋐,上市,42.1,46.3,37.9,30.92,-2,必成立,必成立,45.0543
2026/10/08,6292,迅德興業,上櫃,66.9,73.5,60.3,55.47,26.78,必成立,必成立,69.7966
2026/10/08,4139,馬光-KY,上櫃,45,49.5,40.5,32.37,22.41,必成立,必成立,43.7836
2026/10/08,1597,直得,上市,142.5,156.5,128.5,127.67,110.27,必成立,必成立,146.0638
2026/10/08,4174,浩鼎,上櫃,53.7,59,48.35,-46.52,-64.42,必成立,必成立,55.3297
2026/10/08,3615,安可光電,上櫃,42.9,47.15,38.65,15.2,10.99,必成立,必成立,45.7381
2026/10/08,4540,全球傳動,上市,57.5,63.2,51.8,62.3,47.7,盤中決定,必成立,59.2618
2026/10/08,4576,大銀微系統,上市,228.5,251,206,241,155.55,盤中決定,必成立,231.5675
2026/10/08,3587,閎康科技,上櫃,243,267,219,194.33,238.41,必成立,盤中決定,249.2529
2026/10/08,3550,聯穎,上市,23.9,26.25,21.55,20.2,16.32,必成立,必成立,25.1651
2026/10/08,2408,南亞科,上市,532,585,479,416.67,290.55,必成立,必成立,528.8631
2026/10/08,4949,有成精密,上市,85.3,93.8,76.8,40.73,24.75,必成立,必成立,84.8306
2026/10/08,6269,台郡,上市,63.6,69.9,57.3,65.93,56.47,盤中決定,必成立,64.5004
2026/10/08,2070,精湛,上櫃,61.9,68,55.8,58.63,49.7,盤中決定,必成立,62.3626
2026/10/08,4722,國精化,上市,215.5,237,194,75.83,127.86,必成立,必成立,227.742
2026/10/08,6415,矽力*-KY,上市,462.5,508,416.5,275.5,360.09,必成立,必成立,457.8383
2026/10/08,6127,九豪精密,上櫃,64.1,70.5,57.7,12,15.41,必成立,必成立,62.125
2026/10/08,3374,精材,上櫃,497,546,447.5,277,-88.27,必成立,必成立,498.8035
2026/10/08,3105,穩懋,上櫃,581,639,523,89,-319.91,必成立,必成立,614.0055
2026/10/08,5291,邑昇,上櫃,62.2,68.4,56,39.37,32.07,必成立,必成立,64.1918
2026/10/08,6456,GIS-KY,上市,100,110,90,-20.43,-53.35,必成立,必成立,105.5559
2026/10/08,6016,康和證券,上櫃,23.95,26.3,21.6,19.58,12.13,必成立,必成立,24.3755
2026/10/08,3094,聯傑,上市,69.3,76.2,62.4,-11.8,-66.2,必成立,必成立,73.6869
2026/10/08,8261,富鼎,上市,180.5,198.5,162.5,93.33,160.05,必成立,必成立,194.7965
2026/10/08,8074,鉅橡,上櫃,56.5,62.1,50.9,27.2,39.95,必成立,必成立,58.083
2026/10/08,6620,漢達,上櫃,127.5,140,115,139.33,-31.11,盤中決定,必成立,133.9492
2026/10/08,6901,鑽石投資,上市,17.7,19.45,15.95,8.45,11.78,必成立,必成立,18.1112
2026/10/08,6945,圓祥生技,上櫃,133,146,120,87.1,-13.43,必成立,必成立,142.0444
2026/10/08,5864,致和證,上櫃,39.45,43.35,35.55,24.17,12.85,必成立,必成立,40.1311
2026/10/08,2254,巨鎧精密-創,上市,92.3,101.5,83.1,23.53,-49.45,必成立,必成立,99.9879
2026/10/08,1717,長興,上市,74.4,81.8,67,58.07,49.9,必成立,必成立,75.4856
2026/10/08,2460,建通,上市,30.4,33.4,27.4,28.62,28.26,盤中決定,盤中決定,30.6496
2026/10/08,3317,尼克森,上櫃,71.5,78.6,64.4,18.47,49.14,必成立,必成立,72.5157
2026/10/08,6174,安碁科技,上櫃,64,70.4,57.6,-12.8,-14.68,必成立,必成立,61.8995
2026/10/08,6241,鑫永洋,上櫃,16.8,18.45,15.15,12.67,14.65,必成立,必成立,16.5572
2026/10/08,6285,啟碁,上市,256.5,282,231,128.5,170.68,必成立,必成立,259.2999
2026/10/08,3339,泰谷光電,上櫃,45.75,50.3,41.2,44.45,20.96,盤中決定,必成立,45.6861
2026/10/08,6187,萬潤,上櫃,1525,1675,1375,165,-134.45,必成立,必成立,1549.9877
2026/10/08,3149,正達,上市,76.6,84.2,69,17.57,24.08,必成立,必成立,80.2788
2026/10/08,3031,佰鴻,上市,33.2,36.5,29.9,4.3,-10.47,必成立,必成立,35.0164
2026/10/08,6290,良維科技,上櫃,280.5,308.5,252.5,219.5,77.82,必成立,必成立,285.7018
2026/10/08,6870,騰雲,上櫃,319,350.5,287.5,312.17,134.41,盤中決定,必成立,318.8359
2026/10/08,6435,大中,上櫃,259.5,285,234,180.83,215.09,必成立,必成立,267.8324
2026/10/08,3479,安勤,上櫃,133.5,146.5,120.5,123,130.95,盤中決定,盤中決定,136.5783
2026/10/08,6925,意藍,上櫃,71.3,78.4,64.2,24.65,-9.9,必成立,必成立,75.2582
2026/10/08,3711,日月光投控,上市,744,818,670,334.67,125.64,必成立,必成立,759.5532
2026/10/08,4569,六方科-KY,上市,159.5,175,144,144.33,174.05,盤中決定,盤中決定,157.4433
2026/10/08,3529,力旺電子,上櫃,2915,3205,2625,2606.67,816.82,必成立,必成立,3133.649
2026/10/08,3305,昇貿,上市,110.5,121.5,99.5,74.33,98.74,必成立,必成立,111.1616
2026/10/08,6903,巨漢,上櫃,326.5,359,294,215.5,280.32,必成立,必成立,330.3525
2026/10/08,2316,楠梓電,上市,171,188,154,104.33,95.32,必成立,必成立,178.1964
2026/10/08,7712,博盛半導體,上櫃,173.5,190.5,156.5,94.83,46.86,必成立,必成立,178.0663
2026/10/08,6461,益得,上櫃,29.2,32.1,26.3,9.33,-21.94,必成立,必成立,29.291
2026/10/08,4807,日成-KY,上市,34.25,37.65,30.85,21.28,33.18,必成立,盤中決定,32.6781
2026/10/08,8926,台汽電,上市,61.1,67.2,55,53.73,56.85,必成立,盤中決定,60.5168
2026/10/08,6227,茂綸,上櫃,138.5,152,125,99.67,42.32,必成立,必成立,143.1825
2026/10/08,3528,安馳,上市,86,94.6,77.4,74.07,78.48,必成立,盤中決定,87.4667
2026/10/08,6442,光聖,上市,1785,1960,1610,846.67,521.36,必成立,必成立,1741.2713
2026/10/08,8255,朋程,上櫃,150.5,165.5,135.5,93.67,112.41,必成立,必成立,154.7421
2026/10/08,7799,禾榮科,上市,518,569,466.5,338.83,-82.5,必成立,必成立,543.387
2026/10/08,9105,泰金寶-DR,上市,8.63,9.49,7.77,7.92,7.71,盤中決定,必成立,8.6615
2026/10/08,6742,澤米,上市,57.9,63.6,52.2,21.05,-6.15,必成立,必成立,61.4184
2026/10/08,2345,智邦,上市,2070,2275,1865,1140,2189.09,必成立,盤中決定,2069.0097
2026/10/08,6155,鈞寶,上市,70.9,77.9,63.9,16.17,6.07,必成立,必成立,73.964
2026/10/08,3044,健鼎,上市,582,640,524,298.83,10.73,必成立,必成立,585.3732
2026/10/08,7795,長廣,上市,525,577,472.5,310,256.18,必成立,必成立,549.5618
2026/10/08,7704,明遠精密,上櫃,62.6,68.8,56.4,63.03,56.26,盤中決定,必成立,61.0408
2026/10/08,1721,三晃,上市,27.75,30.5,25,7.47,-5.31,必成立,必成立,29.0966
2026/10/08,4931,新盛力,上櫃,244.5,268.5,220.5,194.33,167.64,必成立,必成立,252.722
2026/10/08,6108,競國,上市,25.6,28.15,23.05,16.52,4.24,必成立,必成立,25.9339
2026/10/08,3296,勝德,上市,28.55,31.4,25.7,22.23,10.69,必成立,必成立,28.9907
2026/10/08,3032,偉訓,上市,77,84.7,69.3,70.43,81.37,盤中決定,盤中決定,78.43
2026/10/08,6532,瑞耘,上櫃,108.5,119,97.7,59.97,-11.49,必成立,必成立,116.8711
2026/10/08,8383,千附實業,上櫃,69,75.9,62.1,53.53,72.21,必成立,盤中決定,70.7938
2026/10/08,2313,華通,上市,248,272.5,223.5,122.83,90.32,必成立,必成立,249.4955
2026/10/08,3163,波若威,上櫃,689,757,621,528,667.82,必成立,盤中決定,698.8022
2026/10/08,4966,譜瑞-KY,上櫃,558,613,503,525,607.09,盤中決定,盤中決定,569.0299
2026/10/08,4906,正文,上市,41.8,45.95,37.65,20.62,10.26,必成立,必成立,43.5659
2026/10/08,1709,和益,上市,61,67.1,54.9,-32.4,-81.09,必成立,必成立,65.661
2026/10/08,4551,智伸科,上市,184,202,166,79.17,96.14,必成立,必成立,190.4477
2026/10/08,6579,研揚,上市,151,166,136,144.67,158.91,盤中決定,盤中決定,156.3349
2026/10/08,2409,友達,上市,36.6,40.25,32.95,15.28,-11.79,必成立,必成立,39.6301
2026/10/08,2444,兆勁,上市,15.5,17.05,13.95,4.78,-4.27,必成立,必成立,16.5293
2026/10/08,2421,建準,上市,168,184.5,151.5,137.17,75.23,必成立,必成立,169.8831
2026/10/08,6197,佳必琪,上市,381.5,419.5,343.5,104.33,68.45,必成立,必成立,377.913
2026/10/08,4912,聯德控股-KY,上市,109.5,120,98.6,41.47,22.31,必成立,必成立,112.4979
2026/10/08,6451,訊芯-KY,上市,420.5,462.5,378.5,399.5,427.36,盤中決定,盤中決定,424.4962
2026/10/08,6221,晉泰科技,上櫃,29.65,32.6,26.7,25.37,-2.18,必成立,必成立,31.0502
2026/10/08,4413,飛寶企業,上櫃,19.85,21.8,17.9,18.5,7.46,盤中決定,必成立,20.0828
2026/10/08,3673,TPK-KY,上市,74.4,81.8,67,29.47,15.61,必成立,必成立,78.9538
2026/10/08,8085,福華電子,上櫃,15.1,16.6,13.6,12.13,5.92,必成立,必成立,14.9557
2026/10/08,6271,同欣電,上市,245.5,270,221,170.83,66.14,必成立,必成立,243.1305
2026/10/08,5439,高技企業,上櫃,260.5,286.5,234.5,197.33,179.32,必成立,必成立,263.6654
2026/10/08,3680,家登,上櫃,571,628,514,395.83,168.77,必成立,必成立,574.101
2026/10/08,3491,昇達科技,上櫃,1685,1850,1520,635,-38,必成立,必成立,1706.4038
2026/10/08,8996,高力,上市,1710,1880,1540,653.33,-540.27,必成立,必成立,1688.9022
2026/10/08,3036,文曄,上市,215.5,237,194,151.17,148.32,必成立,必成立,218.8817
2026/10/08,6411,晶焱,上櫃,77.5,85.2,69.8,76.37,78.89,盤中決定,盤中決定,78.5825
2026/10/08,2399,映泰,上市,49.2,54.1,44.3,42.45,22,必成立,必成立,50.151
2026/10/08,4927,泰鼎-KY,上市,54.2,59.6,48.8,2.33,-25.55,必成立,必成立,55.0508
2026/10/08,8050,廣積,上櫃,60.4,66.4,54.4,54.3,50.75,必成立,必成立,62.2064
2026/10/08,8121,越峰電子,上櫃,34.4,37.8,31,11.52,13.31,必成立,必成立,35.1794
2026/10/08,5498,凱崴,上櫃,54.1,59.5,48.7,37.97,34.82,必成立,必成立,54.834
2026/10/08,7717,萊德光電-KY,上櫃,577,634,520,427,-61,必成立,必成立,603.511
2026/10/08,3049,精金,上市,12,13.2,10.8,12.72,9.96,盤中決定,必成立,12.1327
2026/10/08,3645,達邁,上市,73,80.3,65.7,55.57,49.58,必成立,必成立,75.4412
2026/10/08,3693,營邦,上櫃,736,809,663,597.33,22.18,必成立,必成立,718.2406
2026/10/08,6921,嘉雨思-創,上市,65.7,72.2,59.2,56.83,60.58,必成立,盤中決定,66.5406
2026/10/08,5292,華懋,上市,243,267,219,119.5,11.82,必成立,必成立,248.3487
2026/10/08,4923,力士,上櫃,61.4,67.5,55.3,45.37,7.6,必成立,必成立,64.4334
2026/10/08,1560,中砂,上市,1010,1110,909,295.67,-399.64,必成立,必成立,1069.1313
2026/10/08,6270,倍微科技,上櫃,29.7,32.65,26.75,26.02,27.62,必成立,盤中決定,30.5033
2026/10/08,6240,松崗,上櫃,26.4,29,23.8,18.5,4.21,必成立,必成立,26.6293
2026/10/08,2360,致茂,上市,2330,2560,2100,1611.67,1099.09,必成立,必成立,2362.3238
2026/10/08,6530,創威,上櫃,96.1,105.5,86.5,102.4,40.25,盤中決定,必成立,98.3011
2026/10/08,1312,國喬,上市,15.15,16.65,13.65,13.73,6.94,盤中決定,必成立,14.9824
2026/10/08,2484,希華,上市,90.6,99.6,81.6,20.17,17.29,必成立,必成立,90.2031
2026/10/08,8162,微矽電子-創,上市,67.6,74.3,60.9,48.03,34.19,必成立,必成立,67.713
2026/10/08,3221,台灣嘉碩,上櫃,55,60.5,49.5,27.42,23.59,必成立,必成立,55.9609
2026/10/08,9960,邁達康,上櫃,38.45,42.25,34.65,16.65,7.42,必成立,必成立,40.4998
2026/10/08,2476,鉅祥,上市,130.5,143.5,117.5,86,82.32,必成立,必成立,131.9535
2026/10/08,5234,達興材料,上市,334,367,301,175,247.86,必成立,必成立,334.7511
2026/10/08,6706,惠特,上市,151.5,166.5,136.5,131.17,14.67,必成立,必成立,154.5965
2026/10/08,6761,穩得,上櫃,166.5,183,150,148.5,162.64,必成立,盤中決定,167.1352
2026/10/08,8027,鈦昇,上櫃,202.5,222.5,182.5,92.17,84,必成立,必成立,216.5381
2026/10/08,8110,華東,上市,49.25,54.1,44.35,35.02,25.2,必成立,必成立,50.4257
2026/10/08,1708,東鹼,上市,57,62.7,51.3,26.35,24.82,必成立,必成立,58.5582
2026/10/08,6547,高端疫苗,上櫃,62,68.2,55.8,57.03,31.92,盤中決定,必成立,61.4295
2026/10/08,3051,力特,上市,22.25,24.45,20.05,21.23,22.48,盤中決定,盤中決定,22.7743
2026/10/08,6651,全宇昕,上櫃,141.5,155.5,127.5,138,91.64,盤中決定,必成立,147.0946
2026/10/08,8093,保銳科技,上櫃,26.3,28.9,23.7,19.72,13.7,必成立,必成立,25.9273
2026/10/08,2402,毅嘉,上市,61,67.1,54.9,34.6,36.75,必成立,必成立,61.7863
2026/10/08,2379,瑞昱,上市,749,823,675,673,651.55,必成立,必成立,755.8416
2026/10/08,6715,嘉基,上市,464,510,418,157.5,0.18,必成立,必成立,495.8409
2026/10/08,3324,雙鴻科技,上櫃,1520,1670,1370,1276.67,-272.09,必成立,必成立,1534.423
2026/10/08,6895,宏碩系統,上櫃,155.5,171,140,110.17,49.77,必成立,必成立,155.359
2026/10/08,6885,全福生技,上市,29.6,32.55,26.65,29.23,0.52,盤中決定,必成立,30.4051
2026/10/08,6640,均華,上櫃,1050,1155,945,1085,726.36,盤中決定,必成立,1086.4312
2026/10/08,6526,達發,上市,801,881,721,381.33,-106.36,必成立,必成立,848.7516
2026/10/08,2466,冠西電,上市,198.5,218,179,-140.83,-187.14,必成立,必成立,188.4834
2026/10/08,3147,大綜,上櫃,308,338.5,277.5,20.5,-26,必成立,必成立,304.5176
2026/10/08,1802,台玻,上市,63.9,70.2,57.6,44,33.65,必成立,必成立,63.1085
2026/10/08,3631,晟楠,上櫃,47.05,51.7,42.35,25.27,12.02,必成立,必成立,44.2896
2026/10/08,1762,中化生,上市,35.35,38.85,31.85,32.55,36.09,盤中決定,盤中決定,34.3286
2026/10/08,6196,帆宣,上市,674,741,607,45.33,-105.86,必成立,必成立,690.308
2026/10/08,6613,朋億*,上櫃,286,314.5,257.5,189.67,231.95,必成立,必成立,291.7771
2026/10/08,2103,台橡,上市,29.2,32.1,26.3,21.33,15.55,必成立,必成立,29.0971
2026/10/08,6708,天擎,上櫃,69.2,76.1,62.3,-64.87,-81.25,必成立,必成立,75.2308
2026/10/08,3093,港建*,上櫃,46.15,50.7,41.55,36.93,44.98,必成立,盤中決定,46.775
2026/10/08,6199,天品,上櫃,142,156,128,19.4,-42.34,必成立,必成立,144.744
2026/10/08,6743,安普新,上市,35.5,39.05,31.95,9.98,0.42,必成立,必成立,36.9025
2026/10/08,3580,友威科,上櫃,102.5,112.5,92.3,70.57,7.55,必成立,必成立,107.5885
2026/10/08,6005,群益證,上市,32.05,35.25,28.85,28.57,31.07,必成立,盤中決定,32.5902
2026/10/08,6223,旺矽科技,上櫃,5575,6130,5020,4938.33,5675.91,必成立,盤中決定,5519.1361
2026/10/08,3290,東浦,上櫃,55.8,61.3,50.3,29.45,50.69,必成立,盤中決定,53.404
2026/10/08,1608,華榮,上市,36.55,40.2,32.9,33.78,28.1,盤中決定,必成立,36.5014
2026/10/08,2467,志聖,上市,552,607,497,402.33,456.91,必成立,必成立,567.545
2026/10/08,6953,家碩,上櫃,255,280.5,229.5,159.33,111.77,必成立,必成立,261.8777
2026/10/08,1569,濱川企業,上櫃,70,77,63,8.35,-42.95,必成立,必成立,73.3825
2026/10/08,6423,億而得,上櫃,87.7,96.4,79,69.87,40.35,必成立,必成立,90.8411
2026/10/08,6148,驊宏資通,上櫃,37.15,40.85,33.45,35.62,4.24,盤中決定,必成立,38.0188
2026/10/08,3354,律勝,上櫃,32,35.2,28.8,21.68,-5.26,必成立,必成立,32.0168
2026/10/08,6015,宏遠證券,上櫃,18.15,19.95,16.35,15.47,10.19,必成立,必成立,18.1206
2026/10/08,8028,昇陽半導體,上市,285,313.5,256.5,141.83,176.82,必成立,必成立,294.3866
2026/10/08,4905,台聯電訊,上櫃,89,97.9,80.1,27.83,19.69,必成立,必成立,94
2026/10/08,2376,技嘉,上市,363,399,327,293.67,257.73,必成立,必成立,374.3253
2026/10/08,5340,建榮工業,上櫃,94.4,103.5,85,58.4,29.86,必成立,必成立,90.186
2026/10/08,6505,台塑化,上市,110.5,121.5,99.5,23.97,-24.57,必成立,必成立,109.4884
2026/10/08,5465,富驊企業,上櫃,32.75,36,29.5,12.73,-8.49,必成立,必成立,34.7187
2026/10/08,6499,益安,上櫃,80.6,88.6,72.6,51.7,18.84,必成立,必成立,81.0707
2026/10/08,4561,健椿,上櫃,43.1,47.4,38.8,36.3,35.28,必成立,必成立,43.0682
2026/10/08,2851,中再保,上市,47.95,52.7,43.2,47.32,20.66,盤中決定,必成立,46.8485
2026/10/08,8091,翔名科技,上櫃,230,253,207,137.33,181.95,必成立,必成立,236.6518
2026/10/08,8299,群聯電子,上櫃,2060,2265,1855,2073.33,1677.27,盤中決定,必成立,2086.3355
2026/10/08,3707,漢磊,上櫃,85.9,94.4,77.4,-8.73,-29.63,必成立,必成立,91.8248
2026/10/08,3287,廣寰科,上櫃,43.45,47.75,39.15,33.38,11.84,必成立,必成立,42.1094
2026/10/08,2855,統一證,上市,58.6,64.4,52.8,40.73,10.42,必成立,必成立,59.09
2026/10/08,8438,昶昕,上市,80.9,88.9,72.9,42.37,20.11,必成立,必成立,84.2799
2026/10/08,2395,研華,上市,727,799,655,557.33,316.73,必成立,必成立,738.13
2026/10/08,2049,上銀,上市,332.5,365.5,299.5,316.17,351.18,盤中決定,盤中決定,338.9655
2026/10/08,6525,捷敏-KY,上市,138,151.5,124.5,97.17,130.59,必成立,盤中決定,142.2674
2026/10/08,8201,無敵,上市,16.85,18.5,15.2,-1.45,-6.28,必成立,必成立,18.0553
2026/10/08,6643,M31,上櫃,489,537,440.5,341,166,必成立,必成立,518.9026
2026/10/08,3030,德律,上市,313.5,344.5,282.5,111.33,177.41,必成立,必成立,318.0616
2026/10/08,6546,正基,上櫃,61.5,67.6,55.4,52.27,57.67,必成立,盤中決定,61.5632
2026/10/08,1617,榮星,上市,24.1,26.5,21.7,4.7,-1.45,必成立,必成立,25.2605
2026/10/08,3088,艾訊,上櫃,132,145,119,104.17,112.41,必成立,必成立,136.0208
2026/10/08,6909,創控,上市,43.5,47.85,39.15,36.43,32.39,必成立,必成立,43.9647
2026/10/08,6261,久元電子,上櫃,76.4,84,68.8,77.07,83.51,盤中決定,盤中決定,77.9054
2026/10/08,5299,杰力,上櫃,98.1,107.5,88.3,82.6,85.64,必成立,必成立,102.6247
2026/10/08,1409,新纖,上市,26.05,28.65,23.45,19.37,17.41,必成立,必成立,26.042
2026/10/08,6533,晶心科,上市,352.5,387.5,317.5,-18.33,-131.82,必成立,必成立,368.3016
2026/10/08,5434,崇越,上市,596,655,537,272.33,221.91,必成立,必成立,618.37
2026/10/08,3558,神準,上櫃,135.5,149,122,83,93.41,必成立,必成立,136.512
2026/10/08,8016,矽創,上市,291,320,262,236.33,275.14,必成立,盤中決定,294.0054
2026/10/08,6645,金萬林-創,上市,13.5,14.85,12.15,11.85,13.46,必成立,盤中決定,13.0056
2026/10/08,6204,台灣艾華,上櫃,111.5,122.5,100.5,52.13,-20.04,必成立,必成立,114.4285
2026/10/08,6425,易發,上櫃,72.1,79.3,64.9,51.83,13.6,必成立,必成立,76.7879
2026/10/08,1605,華新,上市,39.1,43,35.2,30.18,25.26,必成立,必成立,39.5408
2026/10/08,2369,菱生,上市,32,35.2,28.8,26.38,31.38,必成立,盤中決定,32.4467
2026/10/08,2241,艾姆勒,上市,50.5,55.5,45.45,-2.27,-19.49,必成立,必成立,52.5764
2026/10/08,2723,美食-KY,上市,79.8,87.7,71.9,77.23,42.96,盤中決定,必成立,78.2015
2026/10/08,3556,禾瑞亞,上櫃,65.7,72.2,59.2,31.93,48.38,必成立,必成立,65.1432
2026/10/08,2890,永豐金,上市,44.05,48.45,39.65,45.05,28.35,盤中決定,必成立,44.4847
2026/10/08,6821,聯寶,上櫃,44.9,49.35,40.45,24.55,26.93,必成立,必成立,46.5996
2026/10/08,3623,富晶通,上櫃,29.9,32.85,26.95,21.77,-1.99,必成立,必成立,30.635
2026/10/08,4770,上品,上市,282,310,254,181.17,52.27,必成立,必成立,282.6511
2026/10/08,6259,百徽,上櫃,33.1,36.4,29.8,15.27,20.86,必成立,必成立,33.7202
2026/10/08,3663,鑫科,上櫃,61.6,67.7,55.5,57.77,63.7,盤中決定,盤中決定,63.5687
2026/10/08,6684,安格,上櫃,48.05,52.8,43.25,45.65,44.09,盤中決定,盤中決定,49.208
2026/10/08,3211,順達科技,上櫃,388,426.5,349.5,316.67,278.23,必成立,必成立,395.1721
2026/10/08,3338,泰碩,上市,68.5,75.3,61.7,55.2,42.78,必成立,必成立,70.4664
2026/10/08,2342,茂矽,上市,49.15,54,44.25,20.17,2.43,必成立,必成立,51.9173
2026/10/08,3588,通嘉,上市,53.2,58.5,47.9,44.1,44.87,必成立,必成立,56.2849
2026/10/08,6548,長科*,上櫃,77.3,85,69.6,52.27,48.06,必成立,必成立,78.2907
2026/10/08,4147,中裕,上櫃,61.2,67.3,55.1,66.77,64.12,盤中決定,盤中決定,61.1138
2026/10/08,6190,萬泰科技,上櫃,76.5,84.1,68.9,37.2,33.13,必成立,必成立,77.7123
2026/10/08,3294,英濟,上櫃,31.5,34.65,28.35,27.53,25.66,必成立,必成立,32.509
2026/10/08,1582,信錦,上市,71.1,78.2,64,65.87,71.98,盤中決定,盤中決定,71.984
2026/10/08,3162,精確,上櫃,82.2,90.4,74,46.33,8.45,必成立,必成立,86.9773
2026/10/08,3504,揚明光,上市,82.6,90.8,74.4,63.67,52.65,必成立,必成立,83.2776
2026/10/08,6117,迎廣,上市,66.3,72.9,59.7,42.23,52.97,必成立,必成立,67.2498
2026/10/08,5443,均豪精密,上櫃,110.5,121.5,99.5,87.33,67.85,必成立,必成立,113.5155
2026/10/08,2357,華碩,上市,996,1095,897,781,480.18,必成立,必成立,994.4497
2026/10/08,1310,台苯,上市,10.05,11.05,9.05,5.39,4.26,必成立,必成立,9.9577
2026/10/08,5013,強新工業,上櫃,53,58.3,47.7,-38.38,-62.56,必成立,必成立,55.6599
2026/10/08,3540,曜越,上櫃,23.8,26.15,21.45,17.88,14.24,必成立,必成立,24.0648
2026/10/08,3609,三一東林,上櫃,25.1,27.6,22.6,12.98,17.01,必成立,必成立,25.0178
2026/10/08,4946,紅心辣椒,上櫃,99.5,109,89.6,81.6,44.07,必成立,必成立,100.7596
2026/10/08,2377,微星,上市,154.5,169.5,139.5,138.33,129.82,必成立,必成立,155.6361
2026/10/08,5011,久陽精密,上櫃,22.45,24.65,20.25,2.8,2.99,必成立,必成立,22.8639
2026/10/08,8182,加高電子,上櫃,45.7,50.2,41.15,23.82,22.57,必成立,必成立,45.7661
2026/10/08,3508,位速,上櫃,24.7,27.15,22.25,20.02,1.15,必成立,必成立,25.6917
2026/10/08,6862,三集瑞-KY,上市,146.5,161,132,106.33,123.41,必成立,必成立,146.787
2026/10/08,5230,雷笛克光學,上櫃,25,27.5,22.5,11.15,0.82,必成立,必成立,24.2058
2026/10/08,2363,矽統,上市,57.8,63.5,52.1,43.5,30.88,必成立,必成立,60.8283
2026/10/08,5608,四維航,上市,16.5,18.15,14.85,17.88,11.6,盤中決定,必成立,16.5844
2026/10/08,3438,類比科,上櫃,60.6,66.6,54.6,65.03,53.45,盤中決定,必成立,60.7431
2026/10/08,5536,聖暉*,上櫃,1030,1130,927,384.33,679.55,必成立,必成立,1048.625
2026/10/08,6209,今國光,上市,90.1,99.1,81.1,42.27,14.75,必成立,必成立,90.8924
2026/10/08,4933,友輝,上櫃,53,58.3,47.7,49.23,58.23,盤中決定,盤中決定,53.6807
2026/10/08,0053,元大電子,上市,259.95,285.5,234,189.57,143.7,必成立,必成立,264.1738
2026/10/08,7730,暉盛-創,上市,201.5,221.5,181.5,98,70,必成立,必成立,199.9248
2026/10/08,6781,AES-KY,上市,1020,1120,918,930.33,1077.91,盤中決定,盤中決定,1028.6995
2026/10/08,3533,嘉澤,上市,1915,2105,1725,793.33,1323.64,必成立,必成立,1936.1195
2026/10/08,6791,虎門科技,上櫃,99.3,109,89.4,97.2,102.25,盤中決定,盤中決定,100.4029
2026/10/08,7714,創泓科技,上櫃,170,187,153,179.83,156.68,盤中決定,盤中決定,168.9685
2026/10/08,3264,欣銓科技,上櫃,256,281.5,230.5,236.17,113.82,盤中決定,必成立,249.0531
2026/10/08,2353,宏碁,上市,31.3,34.4,28.2,33.08,29.5,盤中決定,盤中決定,31.2261
2026/10/08,8240,華宏新技,上櫃,54.5,59.9,49.05,40.22,7.36,必成立,必成立,57.4661
2026/10/08,5347,世界先進,上櫃,186.5,205,168,97.33,42.86,必成立,必成立,194.2103
2026/10/08,2355,敬鵬,上市,45.2,49.7,40.7,28.92,29.94,必成立,必成立,45.0027
2026/10/08,6202,盛群,上市,58.9,64.7,53.1,44.67,46.39,必成立,必成立,61.3693
2026/10/08,2401,凌陽,上市,26,28.6,23.4,21.42,24.73,必成立,盤中決定,26.904
2026/10/08,2317,鴻海,上市,249,273.5,224.5,242.17,242.64,盤中決定,盤中決定,252.9934
2026/10/08,6263,普萊德,上櫃,176,193.5,158.5,92.17,95.14,必成立,必成立,177.0258
2026/10/08,5483,中美晶,上櫃,216.5,238,195,78.17,70.27,必成立,必成立,225.6876
2026/10/08,6257,矽格,上市,283,311,255,65.33,-34.91,必成立,必成立,288.2836
2026/10/08,3257,虹冠電,上市,49.25,54.1,44.35,42.05,50.32,必成立,盤中決定,50.2577
2026/10/08,6552,易華電,上市,24.5,26.95,22.05,22.1,24.23,盤中決定,盤中決定,24.9169
2026/10/08,3066,李洲科技,上櫃,27.15,29.85,24.45,26.03,11.44,盤中決定,必成立,27.9925
2026/10/08,6139,亞翔,上市,778,855,701,502.67,664.55,必成立,必成立,797.7376
2026/10/08,7631,聚賢研發-創,上市,139,152.5,125.5,131.33,138.14,盤中決定,盤中決定,141.085
2026/10/08,3178,公準,上櫃,67.5,74.2,60.8,59.67,38.15,必成立,必成立,69.2887
2026/10/08,6695,芯鼎,上市,50.9,55.9,45.85,44.08,42.91,必成立,必成立,53.1797
2026/10/08,6133,金橋,上市,27.05,29.75,24.35,19.67,4.32,必成立,必成立,28.5746
2026/10/08,7547,碩網,上櫃,60,66,54,27.53,15.16,必成立,必成立,64.6692
2026/10/08,8147,正淩,上櫃,139,152.5,125.5,123.83,79.64,必成立,必成立,143.7303
2026/10/08,7810,捷創科技,上櫃,245,269.5,220.5,135,50.86,必成立,必成立,252.3686
2026/10/08,8059,凱碩,上櫃,17.6,19.35,15.85,8.7,5.63,必成立,必成立,18.3916
2026/10/08,5210,寶碩,上櫃,29.9,32.85,26.95,28.1,25.78,盤中決定,必成立,30.1989
2026/10/08,6214,精誠,上市,192,211,173,191.17,89.59,盤中決定,必成立,189.1642
2026/10/08,4729,熒茂光學,上櫃,19.45,21.35,17.55,16.05,16.68,必成立,必成立,19.982
2026/10/08,1319,東陽,上市,80.8,88.8,72.8,77.97,74.15,盤中決定,盤中決定,79.1041
2026/10/08,5344,立衛科技,上櫃,14.1,15.5,12.7,11.28,13.62,必成立,盤中決定,14.124
2026/10/08,4563,百德,上櫃,53.2,58.5,47.9,27.4,-1.06,必成立,必成立,54.9558
2026/10/08,6237,驊訊電子,上櫃,34.65,38.1,31.2,33.23,31.2,盤中決定,盤中決定,35.8423
2026/10/08,2451,創見,上市,284.5,312.5,256.5,274.33,266.55,盤中決定,盤中決定,286.5688
2026/10/08,2436,偉詮電,上市,71.2,78.3,64.1,61.23,33.75,必成立,必成立,74.016
2026/10/08,4739,康普,上市,87.2,95.9,78.5,57.7,67.18,必成立,必成立,89.5563
2026/10/08,2924,宏太-KY,上櫃,18.15,19.95,16.35,16.22,13.88,必成立,必成立,18.5289
2026/10/08,3311,閎暉,上市,46.9,51.5,42.25,-0.52,-21.65,必成立,必成立,50.4216
2026/10/08,3346,麗清,上市,22,24.2,19.8,18.28,10.55,必成立,必成立,23.6634
2026/10/08,7584,樂意,上櫃,28.2,31,25.4,22.88,18.2,必成立,必成立,29.2688
2026/10/08,1773,勝一,上市,175.5,193,158,100.33,91.18,必成立,必成立,180.3956
2026/10/08,3689,湧德,上櫃,117.5,129,106,80.83,81.35,必成立,必成立,117.8031
2026/10/08,7827,漢康-KY創,上市,169,185.5,152.5,124.33,108.95,必成立,必成立,169.4091
2026/10/08,6937,天虹,上市,286.5,315,258,307,220.64,盤中決定,必成立,295.4109
2026/10/08,6122,擎邦國際,上櫃,63,69.3,56.7,31.87,10.34,必成立,必成立,63.1962
2026/10/08,2069,運錩,上市,24.65,27.1,22.2,24.85,6.74,盤中決定,必成立,25.3403
2026/10/08,4749,新應材,上櫃,759,834,684,535.67,676.45,必成立,必成立,793.8138
2026/10/08,6179,亞通利大,上櫃,37.8,41.55,34.05,34.93,0.29,盤中決定,必成立,37.521
2026/10/08,2495,普安,上市,37.85,41.6,34.1,38.05,36.48,盤中決定,盤中決定,38.3069
2026/10/08,3288,點晶科技,上櫃,22.15,24.35,19.95,16.65,24.21,必成立,盤中決定,22.2209
2026/10/08,2438,翔耀,上市,19.3,21.2,17.4,20.38,15.6,盤中決定,必成立,19.4124
2026/10/08,7744,崴寶,上櫃,506,556,455.5,490.83,307.05,盤中決定,必成立,523.8184
2026/10/08,6788,華景電,上櫃,375.5,413,338,183.67,235.32,必成立,必成立,381.9372
2026/10/08,3511,矽瑪科技,上櫃,19.95,21.9,18,15.87,18.36,必成立,盤中決定,20.2033
2026/10/08,5243,乙盛-KY,上市,105,115.5,94.5,51.73,46.78,必成立,必成立,100.5069
2026/10/08,0050,元大台灣50,上市,114.95,126,103.5,87.18,64.99,必成立,必成立,116.7082
2026/10/08,3685,元創精密,上櫃,37.9,41.65,34.15,33.68,38.59,必成立,盤中決定,36.2449
2026/10/08,6152,百一,上市,21,23.1,18.9,-0.95,-8.19,必成立,必成立,19.9697
2026/10/08,6020,大展證券,上櫃,20.5,22.55,18.45,20.47,21.97,盤中決定,盤中決定,20.5965
2026/10/08,0057,富邦摩台,上市,341.8,375.5,308,263.37,199.54,必成立,必成立,346.404
2026/10/08,4549,桓達,上櫃,98,107.5,88.2,86.17,87.91,必成立,必成立,98.4942
2026/10/08,4416,三圓建設,上櫃,12.25,13.45,11.05,12.08,9.03,盤中決定,必成立,12.709
2026/10/08,6229,研通科技,上櫃,24.1,26.5,21.7,22.2,22.03,盤中決定,盤中決定,24.192
2026/10/08,6509,聚和國際,上櫃,50.7,55.7,45.65,34.77,32.07,必成立,必成立,51.139
2026/10/08,3060,銘異,上市,28.75,31.6,25.9,19.23,22.89,必成立,必成立,29.5931
2026/10/08,6153,嘉聯益,上市,17.3,19,15.6,15.7,13,盤中決定,必成立,17.9337
2026/10/08,3516,亞帝歐,上櫃,26,28.6,23.4,21.42,23.21,必成立,必成立,26.1203
2026/10/08,6494,九齊,上櫃,51.3,56.4,46.2,45.8,51.55,必成立,盤中決定,52.5541
2026/10/08,3465,進泰電子,上櫃,29.35,32.25,26.45,28.08,29.5,盤中決定,盤中決定,29.8098
2026/10/08,6462,神盾,上櫃,100.5,110.5,90.5,91.63,87.65,盤中決定,必成立,103.5491
2026/10/08,7842,天能綠電,上櫃,96.5,106,86.9,99.67,79.98,盤中決定,必成立,97.2143
2026/10/08,2065,世豐,上櫃,35.8,39.35,32.25,33.95,30.65,盤中決定,必成立,35.6558
2026/10/08,2880,華南金,上市,45.8,50.3,41.25,47.87,31.42,盤中決定,必成立,45.6956
2026/10/08,4735,豪展,上櫃,38.05,41.85,34.25,29.35,24.8,必成立,必成立,37.7929
2026/10/08,2618,長榮航,上市,41.4,45.5,37.3,43.43,44.11,盤中決定,盤中決定,41.7557
2026/10/08,1710,東聯,上市,18.1,19.9,16.3,11.73,7.42,必成立,必成立,17.9175
2026/10/08,6150,撼訊科技,上櫃,64,70.4,57.6,51.07,38.01,必成立,必成立,66.1726
2026/10/08,3617,碩天,上市,241.5,265.5,217.5,239.33,206.73,盤中決定,必成立,242.4983
2026/10/08,3014,聯陽,上市,145,159.5,130.5,99.83,74.32,必成立,必成立,148.5772
2026/10/08,4545,銘鈺,上市,38.35,42.15,34.55,17.33,10.36,必成立,必成立,40.1706
2026/10/08,2606,裕民,上市,74.9,82.3,67.5,80.97,53.91,盤中決定,必成立,74.0881
2026/10/08,6491,晶碩,上市,403,443,363,379.5,250.23,盤中決定,必成立,410.6244
2026/10/08,8936,國統國際,上櫃,54,59.4,48.6,45.87,44.43,必成立,必成立,53.7689
2026/10/08,6588,東典光電,上櫃,107.5,118,96.8,116.67,59.81,盤中決定,必成立,108.8134
2026/10/08,2367,燿華,上市,45.9,50.4,41.35,17.58,21.14,必成立,必成立,48.2291
2026/10/08,0052,富邦科技,上市,67,73.7,60.3,49.95,37.49,必成立,必成立,68.1634
2026/10/08,2330,台積電,上市,2550,2805,2295,1961.67,1712.73,必成立,必成立,2588.5997
2026/10/08,6517,保勝光學,上櫃,66,72.6,59.4,50.67,61.46,必成立,盤中決定,67.1528
2026/10/08,8906,花王企業,上櫃,28.6,31.45,25.75,29.87,24.05,盤中決定,必成立,28.5022
2026/10/08,3265,台星科,上櫃,238.5,262,215,39.83,0.64,必成立,必成立,223.3739
2026/10/08,6485,點序,上櫃,81.2,89.3,73.1,15.27,-6.15,必成立,必成立,86.3407
2026/10/08,3483,力致科技,上櫃,79,86.9,71.1,62.23,57.4,必成立,必成立,81.1031
2026/10/08,3712,永崴投控,上市,20.2,22.2,18.2,21.82,18.84,盤中決定,盤中決定,20.3003
2026/10/08,5515,建國,上市,52.7,57.9,47.45,44.55,35.04,必成立,必成立,52.2235
2026/10/08,4950,金耘國際,上櫃,15.9,17.45,14.35,15.65,16.5,盤中決定,盤中決定,15.7566
2026/10/08,3701,大眾控,上市,63,69.3,56.7,-30.23,-39.87,必成立,必成立,64.8225
2026/10/08,6231,系微,上櫃,232.5,255.5,209.5,179.67,168.23,必成立,必成立,239.8639
2026/10/08,3591,艾笛森,上市,29.1,32,26.2,13.27,2.13,必成立,必成立,28.7687
2026/10/08,3715,定穎投控,上市,137.5,151,124,76,47.89,必成立,必成立,138.4481
2026/10/08,6799,來頡,上市,91.4,100.5,82.3,55.83,45.5,必成立,必成立,94.4794
2026/10/08,3035,智原,上市,202,222,182,125,70.91,必成立,必成立,215.9724
2026/10/08,3390,旭軟電子,上櫃,22.2,24.4,20,20.8,23.19,盤中決定,盤中決定,22.3781
2026/10/08,6113,亞矽科技,上櫃,23.7,26.05,21.35,17.65,19,必成立,必成立,24.4546
2026/10/08,5288,豐祥-KY,上市,188.5,207,170,178.83,191.5,盤中決定,盤中決定,188.8215
2026/10/08,0056,元大高股息,上市,58.3,64.1,52.5,48.88,33.46,必成立,必成立,58.4156
2026/10/08,8032,光菱電子,上櫃,36.1,39.7,32.5,32.47,34.93,必成立,盤中決定,36.3704
2026/10/08,6101,寬魚國際,上櫃,38.2,42,34.4,37.67,34.78,盤中決定,盤中決定,38.1118
2026/10/08,5269,祥碩,上市,1490,1635,1345,1323.33,1226.82,必成立,必成立,1479.9252
2026/10/08,3312,弘憶股,上市,50.9,55.9,45.85,46.33,44.24,盤中決定,必成立,51.6273
2026/10/08,2020,美亞,上市,24.15,26.55,21.75,15.3,10.65,必成立,必成立,25.6353
2026/10/08,6899,創為精密,上櫃,50.2,55.2,45.2,49.7,52.47,盤中決定,盤中決定,49.6468
2026/10/08,4768,晶呈科技,上櫃,365.5,402,329,168.17,91.14,必成立,必成立,382.7244
2026/10/08,3437,榮創,上市,21.15,23.25,19.05,17.93,6.83,必成立,必成立,21.9782
2026/10/08,3717,聯嘉投控,上市,27.75,30.5,25,10.42,3.22,必成立,必成立,28.994
2026/10/08,8104,錸寶,上市,30.95,34,27.9,28.68,31.65,盤中決定,盤中決定,31.4755
2026/10/08,2338,光罩,上市,47.1,51.8,42.4,48.65,18.33,盤中決定,必成立,48.227
2026/10/08,6967,汎瑋材料,上櫃,71.9,79,64.8,43.53,61.69,必成立,必成立,73.5517
2026/10/08,3206,志豐電子,上櫃,34.2,37.6,30.8,37.35,35.3,盤中決定,盤中決定,34.0088
2026/10/08,3062,建漢,上市,22.2,24.4,20,18.43,15.02,必成立,必成立,22.7397
2026/10/08,8086,宏捷科技,上櫃,154,169,139,0.17,22.68,必成立,必成立,142.8533
2026/10/08,7820,立盈,上櫃,110.5,121.5,99.5,103.83,119.9,盤中決定,盤中決定,109.3499
2026/10/08,6472,保瑞,上市,421,463,379,412.33,397.09,盤中決定,盤中決定,423.8725
2026/10/08,8111,立碁電子,上櫃,93.7,103,84.4,4.83,-48.1,必成立,必成立,96.5024
2026/10/08,2485,兆赫,上市,41.55,45.7,37.4,25.47,31.04,必成立,必成立,43.6322
2026/10/08,6922,宸曜,上櫃,203,223,183,170.33,142.64,必成立,必成立,211.6152
2026/10/08,3535,晶彩科,上市,92.5,101.5,83.3,67.33,67.03,必成立,必成立,93.9696
2026/10/08,3025,星通,上市,56.2,61.8,50.6,30.77,40.14,必成立,必成立,58.9476
2026/10/08,1609,大亞,上市,38.25,42.05,34.45,35.97,31.74,盤中決定,必成立,38.7471
2026/10/08,2404,漢唐,上市,1305,1435,1175,456.67,293.64,必成立,必成立,1369.7566
2026/10/08,5220,萬達光電,上櫃,22.1,24.3,19.9,14.68,13.06,必成立,必成立,22.8675
2026/10/08,6792,詠業,上市,61.3,67.4,55.2,55.33,47.86,盤中決定,必成立,60.563
2026/10/08,5474,聰泰科技,上櫃,159.5,175,144,149.33,117.91,盤中決定,必成立,162.6623
2026/10/08,3576,聯合再生,上市,18.15,19.95,16.35,13.4,13.03,必成立,必成立,18.9451
2026/10/08,6603,富強鑫,上櫃,29.55,32.5,26.6,21.75,16.81,必成立,必成立,29.6254
2026/10/08,2406,國碩,上市,30.05,33.05,27.05,19.92,24.63,必成立,必成立,31.8193
2026/10/08,2449,京元電子,上市,304.5,334.5,274.5,232.33,120.45,必成立,必成立,303.3821
2026/10/08,6756,威鋒電子,上市,97.6,107,87.9,94.13,95.81,盤中決定,盤中決定,97.7432
2026/10/08,6151,晉倫科技,上櫃,35.15,38.65,31.65,33,35.94,盤中決定,盤中決定,35.3139
2026/10/08,5355,佳總興業,上櫃,7.77,8.54,7,2.57,-0.71,必成立,必成立,7.9864
2026/10/08,2034,允強,上市,24.05,26.45,21.65,13.9,6.5,必成立,必成立,24.7196
2026/10/08,3054,立萬利,上市,58.1,63.9,52.3,50.8,33,必成立,必成立,59.5143
2026/10/08,3002,歐格,上市,18.75,20.6,16.9,16.9,11.72,必成立,必成立,19.3158
2026/10/08,1504,東元,上市,71.7,78.8,64.6,61.97,60.17,必成立,必成立,71.5022
2026/10/08,6907,雅特力-KY,上櫃,182.5,200.5,164.5,169.33,185.5,盤中決定,盤中決定,191.2132
2026/10/08,3268,海德威,上櫃,24.4,26.8,22,0.42,0.05,必成立,必成立,25.1116
2026/10/08,2881,富邦金,上市,153,168,138,142.5,74.55,盤中決定,必成立,153.5462
2026/10/08,6667,信紘科,上櫃,283,311,255,181.5,95.91,必成立,必成立,277.5664
2026/10/08,2634,漢翔,上市,63.2,69.5,56.9,63.43,68.83,盤中決定,盤中決定,63.8705
2026/10/08,6028,公勝保經,上櫃,113.5,124.5,102.5,58,28.55,必成立,必成立,108.7796
2026/10/08,3176,基亞,上櫃,38.7,42.55,34.85,34.68,23.42,必成立,必成立,38.565
2026/10/08,9906,欣巴巴,上市,39.15,43.05,35.25,38.03,41.15,盤中決定,盤中決定,39.8608
2026/10/08,4543,萬在,上櫃,32.55,35.8,29.3,17.95,26.84,必成立,必成立,32.0301
2026/10/08,1449,佳和,上市,13.2,14.5,11.9,10.78,11.22,必成立,必成立,12.8728
2026/10/08,3652,精聯,上市,35.25,38.75,31.75,29.32,25.77,必成立,必成立,35.4059
2026/10/08,5251,天鉞電,上櫃,29.8,32.75,26.85,24.55,11.87,必成立,必成立,31.0344
2026/10/08,4952,凌通,上市,48.65,53.5,43.8,43.87,48.28,盤中決定,盤中決定,49.7814
2026/10/08,5202,力新國際,上櫃,14.05,15.45,12.65,12.43,6.05,必成立,必成立,14.542
2026/10/08,1735,日勝化,上市,23.2,25.5,20.9,6.93,6.87,必成立,必成立,23.9011