資料日期,融資金額_仟元
2025-07-01 00:00:00,80517760
2025-07-02 00:00:00,81130366
2025-07-03 00:00:00,81447882
2025-07-04 00:00:00,80915245
2025-07-07 00:00:00,80298610
2025-07-08 00:00:00,80275599
2025-07-09 00:00:00,80588457
2025-07-10 00:00:00,80976404
2025-07-11 00:00:00,81583521
2025-07-14 00:00:00,81586997
2025-07-15 00:00:00,82173968
2025-07-16 00:00:00,82869842
2025-07-17 00:00:00,83859142
2025-07-18 00:00:00,83892070
2025-07-21 00:00:00,83964251
2025-07-22 00:00:00,82925169
2025-07-23 00:00:00,83560214
2025-07-24 00:00:00,84276777
2025-07-25 00:00:00,84116926
2025-07-28 00:00:00,84952860
2025-07-29 00:00:00,84740077
2025-07-30 00:00:00,85608045
2025-07-31 00:00:00,86491970
2025-08-01 00:00:00,86950456
2025-08-04 00:00:00,87150878
2025-08-05 00:00:00,87543681
2025-08-06 00:00:00,88397448
2025-08-07 00:00:00,89121053
2025-08-08 00:00:00,89553438
2025-08-11 00:00:00,90082371
2025-08-12 00:00:00,90446177
2025-08-13 00:00:00,91051567
2025-08-14 00:00:00,93185538
2025-08-15 00:00:00,94134539
2025-08-18 00:00:00,96510747
2025-08-19 00:00:00,97099762
2025-08-20 00:00:00,97192106
2025-08-21 00:00:00,97957974
2025-08-22 00:00:00,97596707
2025-08-25 00:00:00,98891066
2025-08-26 00:00:00,99405179
2025-08-27 00:00:00,100521246
2025-08-28 00:00:00,101571871
2025-08-29 00:00:00,102859373
2025-09-01 00:00:00,102068036
2025-09-02 00:00:00,102507884
2025-09-03 00:00:00,103358839
2025-09-04 00:00:00,102713073
2025-09-05 00:00:00,104273971
2025-09-08 00:00:00,105464734
2025-09-09 00:00:00,105997206
2025-09-10 00:00:00,107074937
2025-09-11 00:00:00,105857114
2025-09-12 00:00:00,106274051
2025-09-15 00:00:00,106099143
2025-09-16 00:00:00,106738143
2025-09-17 00:00:00,106726010
2025-09-18 00:00:00,108755901
2025-09-19 00:00:00,109432933
2025-09-22 00:00:00,111295943
2025-09-23 00:00:00,110507245
2025-09-24 00:00:00,110512661
2025-09-25 00:00:00,110510998
2025-09-26 00:00:00,108351185
2025-09-30 00:00:00,108603976
2025-10-01 00:00:00,109921890
2025-10-02 00:00:00,111123806
2025-10-03 00:00:00,112006250
2025-10-07 00:00:00,112075935
2025-10-08 00:00:00,111529772
2025-10-09 00:00:00,111255339
2025-10-13 00:00:00,108678801
2025-10-14 00:00:00,105798630
2025-10-15 00:00:00,106196682
2025-10-16 00:00:00,106460928
2025-10-17 00:00:00,107028891
2025-10-20 00:00:00,107311802
2025-10-21 00:00:00,108442290
2025-10-22 00:00:00,108142690
2025-10-23 00:00:00,107437788
2025-10-27 00:00:00,108208501
2025-10-28 00:00:00,108921337
2025-10-29 00:00:00,109130504
2025-10-30 00:00:00,108815684
2025-10-31 00:00:00,109742145
2025-11-03 00:00:00,111172301
2025-11-04 00:00:00,109527315
2025-11-05 00:00:00,108988378
2025-11-06 00:00:00,109173483
2025-11-07 00:00:00,108538311
2025-11-10 00:00:00,108539712
2025-11-11 00:00:00,108307198
2025-11-12 00:00:00,109255953
2025-11-13 00:00:00,108534329
2025-11-14 00:00:00,107736304
2025-11-17 00:00:00,107437229
2025-11-18 00:00:00,104562574
2025-11-19 00:00:00,104306609
2025-11-20 00:00:00,104779784
2025-11-21 00:00:00,102333489
2025-11-24 00:00:00,103012187
2025-11-25 00:00:00,104741696
2025-11-26 00:00:00,104734323
2025-11-27 00:00:00,105862405
2025-11-28 00:00:00,106939247
2025-12-01 00:00:00,107565247
2025-12-02 00:00:00,108128364
2025-12-03 00:00:00,108602006
2025-12-04 00:00:00,109075658
2025-12-05 00:00:00,109325749
2025-12-08 00:00:00,109987602
2025-12-09 00:00:00,110625742
2025-12-10 00:00:00,111001268
2025-12-11 00:00:00,111101003
2025-12-12 00:00:00,112489428
2025-12-15 00:00:00,112353531
2025-12-16 00:00:00,111713312
2025-12-17 00:00:00,111752537
2025-12-18 00:00:00,111561783
2025-12-19 00:00:00,111910393
2025-12-22 00:00:00,113383718
2025-12-23 00:00:00,114578885
2025-12-24 00:00:00,114810310
2025-12-26 00:00:00,115372831
2025-12-29 00:00:00,115773722
2025-12-30 00:00:00,116610803
2025-12-31 00:00:00,117524213
2026-01-02 00:00:00,119037034
2026-01-05 00:00:00,120276333
2026-01-06 00:00:00,121561103
2026-01-07 00:00:00,121535001
2026-01-08 00:00:00,122365811
2026-01-09 00:00:00,123419837
2026-01-12 00:00:00,125959066
2026-01-13 00:00:00,126016170
2026-01-14 00:00:00,127811317
2026-01-15 00:00:00,128234914
2026-01-16 00:00:00,129208494
2026-01-19 00:00:00,128949344
2026-01-20 00:00:00,130204169
2026-01-21 00:00:00,129178674
2026-01-22 00:00:00,130140366
2026-01-23 00:00:00,131254171
2026-01-26 00:00:00,132292307
2026-01-27 00:00:00,133446927
2026-01-28 00:00:00,135866180
2026-01-29 00:00:00,134771037
2026-01-30 00:00:00,135053981
2026-02-02 00:00:00,133263738
2026-02-03 00:00:00,133733693
2026-02-04 00:00:00,135103558
2026-02-05 00:00:00,134109730
2026-02-06 00:00:00,133140080
2026-02-09 00:00:00,132894780
2026-02-10 00:00:00,132232521
2026-02-11 00:00:00,131328050
2026-02-23 00:00:00,132218231
2026-02-24 00:00:00,133644497
2026-02-25 00:00:00,134846332
2026-02-26 00:00:00,137847796
2026-03-02 00:00:00,138910837
2026-03-03 00:00:00,137870095
2026-03-04 00:00:00,136500909
2026-03-05 00:00:00,138385675
2026-03-06 00:00:00,139309454
2026-03-09 00:00:00,131572330
2026-03-10 00:00:00,132207095
2026-03-11 00:00:00,135467113
2026-03-12 00:00:00,135278453
2026-03-13 00:00:00,135531335
2026-03-16 00:00:00,137867653
2026-03-17 00:00:00,139248059
2026-03-18 00:00:00,142631450
2026-03-19 00:00:00,143871126
2026-03-20 00:00:00,144156643
2026-03-23 00:00:00,142158273
2026-03-24 00:00:00,141025241
2026-03-25 00:00:00,143052830
2026-03-26 00:00:00,142227090
2026-03-27 00:00:00,142883964
2026-03-30 00:00:00,142494538
2026-03-31 00:00:00,137841637
2026-04-01 00:00:00,140279056
2026-04-02 00:00:00,139459125
2026-04-07 00:00:00,143526132
2026-04-08 00:00:00,146639961
2026-04-09 00:00:00,148970565
2026-04-10 00:00:00,151536321
2026-04-13 00:00:00,153172880
2026-04-14 00:00:00,154095331
2026-04-15 00:00:00,155544909
2026-04-16 00:00:00,158513575
2026-04-17 00:00:00,162017650
2026-04-20 00:00:00,164028033
2026-04-21 00:00:00,166052358
2026-04-22 00:00:00,168460688
2026-04-23 00:00:00,164905158
2026-04-24 00:00:00,167609493
2026-04-27 00:00:00,169875379
2026-04-28 00:00:00,176102100
2026-04-29 00:00:00,178701104
2026-04-30 00:00:00,180438401
2026-05-04 00:00:00,184849852
2026-05-05 00:00:00,191787316
2026-05-06 00:00:00,193797374
2026-05-07 00:00:00,198522359
2026-05-08 00:00:00,195480756
2026-05-11 00:00:00,198570816
2026-05-12 00:00:00,198503113
2026-05-13 00:00:00,197554532
2026-05-14 00:00:00,199250148
2026-05-15 00:00:00,195027576
2026-05-18 00:00:00,196501912
2026-05-19 00:00:00,194774284
2026-05-20 00:00:00,193658931
2026-05-21 00:00:00,197027904
2026-05-22 00:00:00,198941433
2026-05-25 00:00:00,201668266
2026-05-26 00:00:00,204036246
2026-05-27 00:00:00,202727824
2026-05-28 00:00:00,200766617
2026-05-29 00:00:00,206853461
2026-06-01 00:00:00,208828972
2026-06-02 00:00:00,208600800
2026-06-03 00:00:00,212752617
2026-06-04 00:00:00,211299597
2026-06-05 00:00:00,210285670
2026-06-08 00:00:00,201088817
2026-06-09 00:00:00,202788395
2026-06-10 00:00:00,194883307
2026-06-11 00:00:00,192771263
2026-06-12 00:00:00,195360266
2026-06-15 00:00:00,199190867
2026-06-16 00:00:00,200299847
2026-06-17 00:00:00,203628219
2026-06-18 00:00:00,205469300
2026-06-22 00:00:00,208449655
2026-06-23 00:00:00,208333757
2026-06-24 00:00:00,210106422
2026-06-25 00:00:00,211114530
2026-06-26 00:00:00,204853020
2026-06-29 00:00:00,203595973
2026-06-30 00:00:00,207083760
2026-07-01 00:00:00,208415540
2026-07-02 00:00:00,210337821
2026-07-03 00:00:00,212888984
2026-07-06 00:00:00,214564154
2026-07-07 00:00:00,210319086
2026-07-08 00:00:00,211512760
2026-07-09 00:00:00,212389924
2026-07-13 00:00:00,212527362
2026-07-14 00:00:00,206417119
2026-07-15 00:00:00,210522382
2026-07-16 00:00:00,210217111
2026-07-17 00:00:00,196199748
2026-07-20 00:00:00,188192235
2026-07-21 00:00:00,190290306
2026-07-22 00:00:00,192703690
2026-07-23 00:00:00,192753560
2026-07-24 00:00:00,190162321
2026-07-27 00:00:00,188347229
2026-07-28 00:00:00,180984221
2026-07-29 00:00:00,167408880
2026-07-30 00:00:00,163014790
2026-07-31 00:00:00,166158496
2026-08-03 00:00:00,167007662
2026-08-04 00:00:00,168974654
2026-08-05 00:00:00,170004770
2026-08-06 00:00:00,174317751
2026-08-07 00:00:00,175213756
2026-08-10 00:00:00,176995575
2026-08-11 00:00:00,178177183
2026-08-12 00:00:00,179059511
2026-08-13 00:00:00,180743862
2026-08-14 00:00:00,181611101
2026-08-17 00:00:00,182824981
2026-08-18 00:00:00,182463435
2026-08-19 00:00:00,182424031
2026-08-20 00:00:00,184079129
2026-08-21 00:00:00,185210828
2026-08-24 00:00:00,184030578
2026-08-25 00:00:00,183919755
2026-08-26 00:00:00,187660887
2026-08-27 00:00:00,191015337
2026-08-28 00:00:00,192693531