ETF,股票代號,股票名稱,持股張數,佔淨值(%),資料日期
00403A,2330,台積電,7700,13.64,2026-10-06 00:00:00
00403A,3037,欣興,7800,7,2026-10-06 00:00:00
00403A,2454,聯發科,1950,6.57,2026-10-06 00:00:00
00403A,2383,台光電,1400,5.75,2026-10-06 00:00:00
00403A,3653,健策,1115,5.41,2026-10-06 00:00:00
00403A,3017,奇鋐,2100,5.3,2026-10-06 00:00:00
00403A,2308,台達電,2900,4.07,2026-10-06 00:00:00
00403A,6223,旺矽,930,3.61,2026-10-06 00:00:00
00403A,2327,國巨*,8400,3.6,2026-10-06 00:00:00
00403A,3443,創意,620,3.56,2026-10-06 00:00:00
00403A,3189,景碩,4450,3.26,2026-10-06 00:00:00
00403A,8046,南電,3010,3.1,2026-10-06 00:00:00
00403A,6669,緯穎,1698,2.66,2026-10-06 00:00:00
00403A,2303,聯電,24000,2.43,2026-10-06 00:00:00
00403A,3665,貿聯-KY,1460,2.33,2026-10-06 00:00:00
00403A,6488,環球晶,2824,2.33,2026-10-06 00:00:00
00403A,6274,台燿,1900,2.28,2026-10-06 00:00:00
00403A,2345,智邦,1600,2.25,2026-10-06 00:00:00
00403A,1303,南亞,11000,2.21,2026-10-06 00:00:00
00403A,8996,高力,1800,1.97,2026-10-06 00:00:00
00403A,5274,信驊,96,1.24,2026-10-06 00:00:00
00403A,2408,南亞科,2800,1.01,2026-10-06 00:00:00
00403A,3008,大立光,200,0.94,2026-10-06 00:00:00
00403A,2449,京元電子,4000,0.82,2026-10-06 00:00:00
00403A,2059,川湖,75,0.67,2026-10-06 00:00:00
00403A,6805,富世達,350,0.58,2026-10-06 00:00:00
00403A,2317,鴻海,3200,0.56,2026-10-06 00:00:00
00403A,3450,聯鈞,1500,0.55,2026-10-06 00:00:00
00403A,3211,順達,2000,0.54,2026-10-06 00:00:00
00403A,3583,辛耘,800,0.42,2026-10-06 00:00:00
00403A,6442,光聖,350,0.4,2026-10-06 00:00:00
00403A,2882,國泰金,4000,0.31,2026-10-06 00:00:00
00403A,2368,金像電,200,0.17,2026-10-06 00:00:00
00403A,2481,強茂,1300,0.16,2026-10-06 00:00:00
00403A,1560,中砂,191,0.13,2026-10-06 00:00:00
00403A,2455,全新,200,0.08,2026-10-06 00:00:00
00403A,6285,啟碁,350,0.06,2026-10-06 00:00:00
00403A,2301,光寶科,300,0.06,2026-10-06 00:00:00
00403A,1717,長興,900,0.05,2026-10-06 00:00:00
00403A,8358,金居,50,0.02,2026-10-06 00:00:00
00403A,3264,欣銓,1,0,2026-10-06 00:00:00
00403A,2337,旺宏,1,0,2026-10-06 00:00:00
00403A,8299,群聯,1,0,2026-10-06 00:00:00
00403A,6196,帆宣,1,0,2026-10-06 00:00:00
00403A,6239,力成,1,0,2026-10-06 00:00:00
00403A,2049,上銀,1,0,2026-10-06 00:00:00
00403A,2360,致茂,1,0,2026-10-06 00:00:00
00403A,2404,漢唐,1,0,2026-10-06 00:00:00
00403A,7769,鴻勁,1,0,2026-10-06 00:00:00
00403A,2344,華邦電,1,0,2026-10-06 00:00:00
00403A,3711,日月光投控,1,0,2026-10-06 00:00:00
00981A,2330,台積電,11464,10,2026-10-06 00:00:00
00981A,2383,台光電,4650,9.41,2026-10-06 00:00:00
00981A,3037,欣興,19300,8.53,2026-10-06 00:00:00
00981A,2454,聯發科,5086,8.44,2026-10-06 00:00:00
00981A,3017,奇鋐,6062,7.54,2026-10-06 00:00:00
00981A,3653,健策,2502,5.98,2026-10-06 00:00:00
00981A,2308,台達電,7389,5.11,2026-10-06 00:00:00
00981A,2327,國巨*,23519,4.96,2026-10-06 00:00:00
00981A,6223,旺矽,2499,4.78,2026-10-06 00:00:00
00981A,8046,南電,8937,4.54,2026-10-06 00:00:00
00981A,2345,智邦,6264,4.33,2026-10-06 00:00:00
00981A,2303,聯電,79618,3.96,2026-10-06 00:00:00
00981A,6274,台燿,6467,3.83,2026-10-06 00:00:00
00981A,6669,緯穎,4316,3.33,2026-10-06 00:00:00
00981A,3665,貿聯-KY,3406,2.67,2026-10-06 00:00:00
00981A,3711,日月光投控,9276,2.33,2026-10-06 00:00:00
00981A,3443,創意,520,1.47,2026-10-06 00:00:00
00981A,2368,金像電,3164,1.35,2026-10-06 00:00:00
00981A,2449,京元電子,12938,1.3,2026-10-06 00:00:00
00981A,5274,信驊,158,1.01,2026-10-06 00:00:00
00981A,6805,富世達,692,0.56,2026-10-06 00:00:00
00981A,8996,高力,476,0.26,2026-10-06 00:00:00
00981A,6510,精測,251,0.26,2026-10-06 00:00:00
00981A,6515,穎崴,93,0.19,2026-10-06 00:00:00
00981A,6271,同欣電,2185,0.18,2026-10-06 00:00:00
00981A,8210,勤誠,478,0.14,2026-10-06 00:00:00
00981A,6191,精成科,3921,0.11,2026-10-06 00:00:00
00981A,3376,新日興,1740,0.1,2026-10-06 00:00:00
00981A,6187,萬潤,121,0.06,2026-10-06 00:00:00
00981A,2313,華通,501,0.04,2026-10-06 00:00:00
00981A,2002,中鋼,5163,0.03,2026-10-06 00:00:00
00981A,3264,欣銓,1,0,2026-10-06 00:00:00
00981A,6278,台表科,1,0,2026-10-06 00:00:00
00981A,8358,金居,1,0,2026-10-06 00:00:00
00981A,3661,世芯-KY,1,0,2026-10-06 00:00:00
00981A,2439,美律,1,0,2026-10-06 00:00:00
00981A,1590,亞德客-KY,1,0,2026-10-06 00:00:00
00981A,3008,大立光,1,0,2026-10-06 00:00:00
00981A,4958,臻鼎-KY,1,0,2026-10-06 00:00:00
00981A,2382,廣達,1,0,2026-10-06 00:00:00
00981A,4979,華星光,1,0,2026-10-06 00:00:00
00981A,2408,南亞科,1,0,2026-10-06 00:00:00
00981A,2637,慧洋-KY,1,0,2026-10-06 00:00:00
00981A,2360,致茂,1,0,2026-10-06 00:00:00
00981A,6488,環球晶,1,0,2026-10-06 00:00:00
00981A,4966,譜瑞-KY,1,0,2026-10-06 00:00:00
00981A,8150,南茂,1,0,2026-10-06 00:00:00
00981A,2317,鴻海,1,0,2026-10-06 00:00:00
00981A,5347,世界,1,0,2026-10-06 00:00:00
00981A,2481,強茂,5,0,2026-10-06 00:00:00