資料日期,多單口數,空單口數,淨未平倉口數
2026-01-02 00:00:00,23061,46215,-23154
2026-01-05 00:00:00,23747,48848,-25101
2026-01-06 00:00:00,21970,51490,-29520
2026-01-07 00:00:00,22073,51495,-29422
2026-01-08 00:00:00,22422,48469,-26047
2026-01-09 00:00:00,22795,49378,-26583
2026-01-12 00:00:00,23261,50153,-26892
2026-01-13 00:00:00,23109,53226,-30117
2026-01-14 00:00:00,23313,57270,-33957
2026-01-15 00:00:00,23635,58765,-35130
2026-01-16 00:00:00,26095,59344,-33249
2026-01-19 00:00:00,22781,56507,-33726
2026-01-20 00:00:00,21969,54644,-32675
2026-01-21 00:00:00,20490,44963,-24473
2026-01-22 00:00:00,20380,44673,-24293
2026-01-23 00:00:00,21267,43933,-22666
2026-01-26 00:00:00,17833,44360,-26527
2026-01-27 00:00:00,19233,44551,-25318
2026-01-28 00:00:00,18558,46490,-27932
2026-01-29 00:00:00,17591,50293,-32702
2026-01-30 00:00:00,17509,50179,-32670
2026-02-02 00:00:00,21490,49163,-27673
2026-02-03 00:00:00,22831,49327,-26496
2026-02-04 00:00:00,22837,48536,-25699
2026-02-05 00:00:00,23294,50037,-26743
2026-02-06 00:00:00,22080,47182,-25102
2026-02-09 00:00:00,24970,48555,-23585
2026-02-10 00:00:00,29343,54227,-24884
2026-02-11 00:00:00,29426,57091,-27665
2026-02-23 00:00:00,20336,51188,-30852
2026-02-24 00:00:00,23438,52810,-29372
2026-02-25 00:00:00,22000,57753,-35753
2026-02-26 00:00:00,21917,58085,-36168
2026-03-02 00:00:00,18093,59367,-41274
2026-03-03 00:00:00,19351,59772,-40421
2026-03-04 00:00:00,19134,60767,-41633
2026-03-05 00:00:00,15797,56931,-41134
2026-03-06 00:00:00,16819,55749,-38930
2026-03-09 00:00:00,13164,53626,-40462
2026-03-10 00:00:00,14595,51451,-36856
2026-03-11 00:00:00,14944,55902,-40958
2026-03-12 00:00:00,12194,55258,-43064
2026-03-13 00:00:00,12916,53263,-40347
2026-03-16 00:00:00,13733,52245,-38512
2026-03-17 00:00:00,16754,52912,-36158
2026-03-18 00:00:00,13055,47604,-34549
2026-03-19 00:00:00,9789,50614,-40825
2026-03-20 00:00:00,10562,46928,-36366
2026-03-23 00:00:00,8931,46648,-37717
2026-03-24 00:00:00,10873,44981,-34108
2026-03-25 00:00:00,9961,45908,-35947
2026-03-26 00:00:00,10102,47167,-37065
2026-03-27 00:00:00,8029,47948,-39919
2026-03-30 00:00:00,8986,46268,-37282
2026-03-31 00:00:00,10045,47259,-37214
2026-04-01 00:00:00,14923,46296,-31373
2026-04-02 00:00:00,11742,46597,-34855
2026-04-07 00:00:00,14038,45388,-31350
2026-04-08 00:00:00,14559,47037,-32478
2026-04-09 00:00:00,13893,47292,-33399
2026-04-10 00:00:00,13115,47518,-34403
2026-04-13 00:00:00,15086,51082,-35996
2026-04-14 00:00:00,16327,52991,-36664
2026-04-15 00:00:00,16346,53129,-36783
2026-04-16 00:00:00,16924,56607,-39683
2026-04-17 00:00:00,18245,59396,-41151
2026-04-20 00:00:00,18280,60898,-42618
2026-04-21 00:00:00,20082,61377,-41295
2026-04-22 00:00:00,19557,62112,-42555
2026-04-23 00:00:00,18185,62212,-44027
2026-04-24 00:00:00,20056,60689,-40633
2026-04-27 00:00:00,18523,62746,-44223
2026-04-28 00:00:00,17922,63791,-45869
2026-04-29 00:00:00,18063,65137,-47074
2026-04-30 00:00:00,19569,63613,-44044
2026-05-04 00:00:00,21596,65100,-43504
2026-05-05 00:00:00,20156,68843,-48687
2026-05-06 00:00:00,19078,70045,-50967
2026-05-07 00:00:00,20333,71465,-51132
2026-05-08 00:00:00,20593,75123,-54530
2026-05-11 00:00:00,21382,75607,-54225
2026-05-12 00:00:00,22285,75357,-53072
2026-05-13 00:00:00,22098,74858,-52760
2026-05-14 00:00:00,22401,73469,-51068
2026-05-15 00:00:00,20970,71933,-50963
2026-05-18 00:00:00,21791,66787,-44996
2026-05-19 00:00:00,21448,66824,-45376
2026-05-20 00:00:00,18699,61443,-42744
2026-05-21 00:00:00,17834,62288,-44454
2026-05-22 00:00:00,16747,63230,-46483
2026-05-25 00:00:00,16232,67690,-51458
2026-05-26 00:00:00,15813,70204,-54391
2026-05-27 00:00:00,15979,72281,-56302
2026-05-28 00:00:00,16585,74781,-58196
2026-05-29 00:00:00,15766,76416,-60650
2026-06-01 00:00:00,16134,80807,-64673
2026-06-02 00:00:00,15432,82450,-67018
2026-06-03 00:00:00,15473,82245,-66772
2026-06-04 00:00:00,15138,84614,-69476
2026-06-05 00:00:00,12857,82003,-69146
2026-06-08 00:00:00,11990,77491,-65501
2026-06-09 00:00:00,9344,71215,-61871
2026-06-10 00:00:00,9129,71078,-61949
2026-06-11 00:00:00,8969,72137,-63168
2026-06-12 00:00:00,9318,74357,-65039
2026-06-15 00:00:00,12920,79654,-66734
2026-06-16 00:00:00,11803,81650,-69847
2026-06-17 00:00:00,9996,77390,-67394
2026-06-18 00:00:00,10085,78422,-68337
2026-06-22 00:00:00,11004,81294,-70290
2026-06-23 00:00:00,10506,87008,-76502
2026-06-24 00:00:00,7263,90868,-83605
2026-06-25 00:00:00,6034,87085,-81051
2026-06-26 00:00:00,7493,83884,-76391
2026-06-29 00:00:00,7494,84121,-76627
2026-06-30 00:00:00,5391,88454,-83063
2026-07-01 00:00:00,5526,89694,-84168
2026-07-02 00:00:00,4770,89257,-84487
2026-07-03 00:00:00,6178,87230,-81052
2026-07-06 00:00:00,6297,86384,-80087
2026-07-07 00:00:00,6562,86604,-80042
2026-07-08 00:00:00,5632,86900,-81268
2026-07-09 00:00:00,6562,87292,-80730
2026-07-13 00:00:00,10564,91630,-81066
2026-07-14 00:00:00,10732,94122,-83390
2026-07-15 00:00:00,7319,86876,-79557
2026-07-16 00:00:00,5895,90348,-84453
2026-07-17 00:00:00,6867,93056,-86189
2026-07-20 00:00:00,10496,88833,-78337
2026-07-21 00:00:00,9379,87869,-78490
2026-07-22 00:00:00,8455,85050,-76595
2026-07-23 00:00:00,8155,83353,-75198
2026-07-24 00:00:00,7107,83367,-76260
2026-07-27 00:00:00,6870,85569,-78699
2026-07-28 00:00:00,7401,89656,-82255
2026-07-29 00:00:00,11982,94767,-82785
2026-07-30 00:00:00,13822,94839,-81017
2026-07-31 00:00:00,12704,95219,-82515
2026-08-03 00:00:00,9876,99914,-90038
2026-08-04 00:00:00,8626,96484,-87858
2026-08-05 00:00:00,9180,96379,-87199
2026-08-06 00:00:00,8953,98336,-89383
2026-08-07 00:00:00,8321,96232,-87911
2026-08-10 00:00:00,9346,98547,-89201
2026-08-11 00:00:00,9385,98309,-88924
2026-08-12 00:00:00,10937,97570,-86633
2026-08-13 00:00:00,12073,98322,-86249
2026-08-14 00:00:00,12934,98113,-85179
2026-08-17 00:00:00,14587,98061,-83474
2026-08-18 00:00:00,16996,100074,-83078
2026-08-19 00:00:00,6692,88193,-81501
2026-08-20 00:00:00,6959,89382,-82423
2026-08-21 00:00:00,6735,89329,-82594
2026-08-24 00:00:00,6842,89371,-82529
2026-08-25 00:00:00,5030,90410,-85380
2026-08-26 00:00:00,8657,92311,-83654
2026-08-27 00:00:00,6963,91799,-84836
2026-08-28 00:00:00,8732,92387,-83655
2026-08-31 00:00:00,8105,91075,-82970