資料日期,開盤,最高,最低,收盤,漲跌,成交股數,成交金額,成交筆數,外資買進,外資賣出,外資買賣超,投信買進,投信賣出,投信買賣超,自營買進,自營賣出,自營買賣超,合計買進,合計賣出,合計買賣超
2025-07-01 00:00:00,22419.74,22730.76,22401.58,22553.72,297.7,6415082209,421991169974,2419634,178301376951,130050094306,48251282645,25191809520,29884082704,-4692273184,23385649799,14391626671,8994023128,226878836270,174325803681,52553032589
2025-07-02 00:00:00,22463.55,22577.74,22396.26,22577.74,24.02,5101662453,304435099272,1886936,116979300039,110879200144,6100099895,17930756118,19247078014,-1316321896,10764415001,9621219707,1143195294,145674471158,139747497865,5926973293
2025-07-03 00:00:00,22707.41,22816.2,22700.86,22712.97,135.23,6029111627,383825214993,2297217,146567724776,116944245637,29623479139,18353837191,23562200438,-5208363247,16988031632,11642877383,5345154249,181909593599,152149323458,29760270141
2025-07-04 00:00:00,22756.55,22842.75,22500.97,22547.5,-165.47,5632671624,331133814557,2299611,109465313930,108910537067,554776863,17466430317,22084800900,-4618370583,12572559476,12371049580,201509896,139504303723,143366387547,-3862083824
2025-07-07 00:00:00,22550.14,22550.5,22294.11,22428.72,-118.78,4962856527,269071472316,1893701,93454837612,99033853476,-5579015864,17185018422,19571760235,-2386741813,14858256906,12634021012,2224235894,125498112940,131239634723,-5741521783
2025-07-08 00:00:00,22375.65,22375.65,22190.46,22362.27,-66.45,5407011400,282705631857,1893276,106598768206,105959975764,638792442,9767482261,9901184637,-133702376,15625350949,11146139361,4479211588,131991601416,127007299762,4984301654
2025-07-09 00:00:00,22253.17,22527.01,22211.1,22527.01,164.74,5646619850,322528415208,1950287,119703311184,111453987525,8249323659,15293785081,15591016867,-297231786,15013762282,12211419877,2802342405,150010858547,139256424269,10754434278
2025-07-10 00:00:00,22566.51,22699.29,22513.35,22693.25,166.24,5553213493,327393549950,2052227,119554009453,109441824991,10112184462,10821237050,10748462845,72774205,14943793902,14824049776,119744126,145319040405,135014337612,10304702793
2025-07-11 00:00:00,22602.81,22770.01,22601.95,22751.03,57.78,7092180625,337982404672,2082425,140825809935,123770476610,17055333325,11501825539,13704139431,-2202313892,14069572756,11269411608,2800161148,166397208230,148744027649,17653180581
2025-07-14 00:00:00,22679.18,22735.23,22525.66,22614.97,-136.06,4853105700,281512623505,1961983,95554395495,98300157755,-2745762260,8867250995,9857610153,-990359158,11868403127,19603695223,-7735292096,116290049617,127761463131,-11471413514
2025-07-15 00:00:00,22618.43,22888.23,22588.26,22835.94,220.97,5429807871,319870598000,2057874,114251108062,95698773715,18552334347,5519217793,5969731557,-450513764,18085842045,14714636533,3371205512,137856167900,116383141805,21473026095
2025-07-16 00:00:00,22967.51,23106.43,22923.12,23042.9,206.96,6375009305,391295025263,2411559,136924940946,123020485319,13904455627,15964117594,13432481053,2531636541,24254142243,16393579588,7860562655,177143200783,152846545960,24296654823
2025-07-17 00:00:00,23042.97,23159.54,22923.37,23113.28,70.38,5826064387,343559779087,2169033,122266113585,121774655234,491458351,11939899831,12814270195,-874370364,21354368775,11043216945,10311151830,155560382191,145632142374,9928239817
2025-07-18 00:00:00,23345.72,23468.21,23276.02,23383.13,269.85,6130525974,381297826285,2310585,141274313480,110266763229,31007550251,12230521683,8854528194,3375993489,21211881493,13694993135,7516888358,174716716656,132816284558,41900432098
2025-07-21 00:00:00,23314.29,23403.83,23243.79,23340.56,-42.57,5279612934,316345580296,2190361,106091109741,101961464446,4129645295,9722364591,12609653174,-2887288583,13860138753,11773914864,2086223889,129673613085,126345032484,3328580601
2025-07-22 00:00:00,23301.66,23486.08,22985.9,22987.92,-352.64,6889507061,449009636028,3001519,145020285184,134995798730,10024486454,13318593547,15839616011,-2521022464,21394348572,17098057447,4296291125,179733227303,167933472188,11799755115
2025-07-23 00:00:00,23063.57,23318.67,23063.57,23318.67,330.75,6238239859,360908872117,2365878,123378151446,114946462596,8431688850,7468924368,8661084852,-1192160484,23790175059,13073939944,10716235115,154637250873,136681487392,17955763481
2025-07-24 00:00:00,23373.67,23455.09,23295.31,23373.73,55.06,6322628546,348331144582,2411078,122222803205,112069957216,10152845989,6478978806,7234440116,-755461310,14429547345,11116909935,3312637410,143131329356,130421307267,12710022089
2025-07-25 00:00:00,23454.59,23485.56,23308.45,23364.38,-9.35,5964609783,302559239716,2167929,102529626873,95168421631,7361205242,8758780778,6727750257,2031030521,13724407355,12637167191,1087240164,125012815006,114533339079,10479475927
2025-07-28 00:00:00,23477.1,23564.44,23350.73,23412.98,48.6,5994460798,323398574763,2298780,106988875510,102313484880,4675390630,10263654248,6814870002,3448784246,16046843197,10722190498,5324652699,133299372955,119850545380,13448827575
2025-07-29 00:00:00,23414.36,23422.17,23094.67,23201.52,-211.46,6685041420,390574563588,2733427,121140414232,137673633543,-16533219311,12670019227,8832159871,3837859356,22259808417,15690987514,6568820903,156070241876,162196780928,-6126539052
2025-07-30 00:00:00,23288.72,23461.72,23264.64,23461.72,260.2,6095108673,336226659269,2365399,118926391095,104814187005,14112204090,7738218313,6301013112,1437205201,19627721477,14253954359,5373767118,146292330885,125369154476,20923176409
2025-07-31 00:00:00,23523.59,23631.11,23454.44,23542.52,80.8,7079439551,412096428336,2784711,153878480798,144489908990,9388571808,9010987356,8993161828,17825528,23922258850,15523121451,8399137399,186811727004,169006192269,17805534735
2025-08-01 00:00:00,23318.37,23484.21,23168.27,23434.38,-108.14,6950284768,404788588802,2763182,132685102928,139718341436,-7033238508,7475037546,6674313287,800724259,19369857896,18997983305,371874591,159529998370,165390638028,-5860639658
2025-08-04 00:00:00,23260.18,23378.94,23151.65,23378.94,-55.44,6547254437,339596557905,2625345,118075293850,106771659171,11303634679,8896728257,6591525469,2305202788,12196965048,22049545001,-9852579953,139168987155,135412729641,3756257514
2025-08-05 00:00:00,23498.4,23671.84,23498.4,23660.59,281.65,6610002920,380074357026,2692247,129855434027,118367653847,11487780180,9552204415,5885366002,3666838413,17767455082,13242020018,4525435064,157175093524,137495039867,19680053657
2025-08-06 00:00:00,23443.36,23557.49,23433.53,23447.36,-213.23,6009196963,361183155977,2656062,113634081606,124454654067,-10820572461,8496076537,6687036292,1809040245,12503210789,14989355741,-2486144952,134633368932,146131046100,-11497677168
2025-08-07 00:00:00,23717.35,24050.54,23717.35,24003.77,556.41,7106666762,467380441728,3040546,171678008052,128438523996,43239484056,7340719605,6224113427,1116606178,22209450505,16690799976,5518650529,201228178162,151353437399,49874740763
2025-08-08 00:00:00,24026.65,24131.46,23967.99,24021.26,17.49,7010275195,432109965420,2993172,136766499223,140022737409,-3256238186,7687232539,9549092167,-1861859628,16154451066,14861901351,1292549715,160608182828,164433730927,-3825548099
2025-08-11 00:00:00,23980.39,24249.05,23887.25,24135.5,114.24,7230198655,437210225957,3128381,123708305856,127693808415,-3985502559,10535341151,10106444589,428896562,19455400082,15880903339,3574496743,153699047089,153681156343,17890746
2025-08-12 00:00:00,24182.84,24263.92,24065.43,24158.36,22.86,7513604403,430747663190,3084639,131675118393,137406224545,-5731106152,9547125375,9608736220,-61610845,17410884055,16932245076,478638979,158633127823,163947205841,-5314078018
2025-08-13 00:00:00,24232.04,24406.94,24172.19,24370.02,211.66,8864976375,573873489672,3774478,184723121441,177686541030,7036580411,9683106582,11185506445,-1502399863,24586589725,21709535663,2877054062,218992817748,210581583138,8411234610
2025-08-14 00:00:00,24258.5,24389.51,24198.88,24238.1,-131.92,7941972349,486603622585,3315382,157845783328,162305892837,-4460109509,7952016969,9997100678,-2045083709,20480003040,16595818660,3884184380,186277803337,188898812175,-2621008838
2025-08-15 00:00:00,24266.23,24385.56,24164.43,24334.48,96.38,7913302231,454217776031,3456133,146884640095,141510793980,5373846115,6945324095,10302183227,-3356859132,19633759897,17058693226,2575066671,173463724087,168871670433,4592053654
2025-08-18 00:00:00,24272.55,24515.65,24257.3,24482.52,148.04,8459665044,457868280041,3623467,151764583834,147125633741,4638950093,11210584817,9478911824,1731672993,18911069454,18903201488,7867966,181886238105,175507747053,6378491052
2025-08-19 00:00:00,24493.92,24551.42,24324.29,24353.5,-129.02,8279842992,477889208524,3599780,148108426785,159116092331,-11007665546,8628468591,10270882807,-1642414216,15649028777,21758065636,-6109036859,172385924153,191145040774,-18759116621
2025-08-20 00:00:00,24309.27,24309.27,23620.24,23625.44,-728.06,8611743600,572237896405,4440609,169752648536,232421220469,-62668571933,6520858548,9255595214,-2734736666,32803905923,36428734961,-3624829038,209077413007,278105550644,-69028137637
2025-08-21 00:00:00,23739.83,24011.5,23739.83,23962.13,336.69,6990398614,420673855060,2970148,141597260341,151676170889,-10078910548,10000225500,8396169145,1604056355,18530369040,16123840447,2406528593,170127854881,176196180481,-6068325600
2025-08-22 00:00:00,24033.02,24071.65,23764.47,23764.47,-197.66,6571719689,369732364563,2924150,112904760366,129302754053,-16397993687,6001001194,7164085833,-1163084639,13316187398,14343632541,-1027445143,132221948958,150810472427,-18588523469
2025-08-25 00:00:00,24108.81,24362.02,24108.75,24277.38,512.91,7201907890,431825644540,3018636,146520044567,122405252653,24114791914,8802192387,5570586137,3231606250,19713404876,13979404950,5733999926,175035641830,141955243740,33080398090
2025-08-26 00:00:00,24237.36,24382.42,24113.03,24305.1,27.72,8259451660,532063118603,3221950,226449298069,240957398933,-14508100864,7019389469,9444616297,-2425226828,17240029502,13916203647,3323825855,250708717040,264318218877,-13609501837
2025-08-27 00:00:00,24449.81,24539.88,24410.08,24519.9,214.8,7675360712,467302614203,3273312,139443813547,141391384436,-1947570889,5638915677,7286507099,-1647591422,24712595552,13647889169,11064706383,169795324776,162325780704,7469544072
2025-08-28 00:00:00,24468.12,24502.37,24236.45,24236.45,-283.45,7619400963,449197099212,3361480,133386790013,142907321062,-9520531049,6064175950,8824211642,-2760035692,18044006942,19392893941,-1348886999,157494972905,171124426645,-13629453740
2025-08-29 00:00:00,24438.03,24570.15,24233.1,24233.1,-3.35,7716714041,478348167874,3386334,146452766819,155087769157,-8635002338,7938739424,8273848597,-335109173,20219054442,19885307950,333746492,174610560685,183246925704,-8636365019
2025-09-01 00:00:00,24143.37,24312.83,23885.41,24071.73,-161.37,7882519521,522538354934,3994537,150380109319,158047009615,-7666900296,11406233619,14466076406,-3059842787,19234422170,30101536911,-10867114741,181020765108,202614622932,-21593857824
2025-09-02 00:00:00,24113.9,24295.03,23890.33,24016.78,-54.95,6868073676,420249878093,3133277,137930528990,130144289460,7786239530,7868517023,13971200493,-6102683470,19092351292,19679008397,-586657105,164891397305,163794498350,1096898955
2025-09-03 00:00:00,24036.88,24103.23,23925.49,24100.3,83.52,6215237843,375154827165,2825606,126143916576,117944154540,8199762036,6838314912,7476014737,-637699825,16931003106,14510194818,2420808288,149913234594,139930364095,9982870499
2025-09-04 00:00:00,24235.27,24389.35,24168.16,24179.85,79.55,7455297262,450547881333,3277050,146420983028,134612846903,11808136125,6599860316,8145313895,-1545453579,19697219395,18326068073,1371151322,172718062739,161084228871,11633833868
2025-09-05 00:00:00,24244.26,24494.58,24244.26,24494.58,314.73,6973379276,426569974111,3089868,148732666847,120451549938,28281116909,6958899870,7392875478,-433975608,18200502992,13022833571,5177669421,173892069709,140867258987,33024810722
2025-09-08 00:00:00,24610.85,24729.96,24547.38,24547.38,52.8,7768998687,443185374596,3241448,146233644681,131615119465,14618525216,5960733306,7180859377,-1220126071,19856577596,17258365336,2598212260,172050955583,156054344178,15996611405
2025-09-09 00:00:00,24650.46,24880.07,24650.46,24855.18,307.8,8091742979,512534389842,3429591,185461047499,149807352540,35653694959,6212764700,7994831931,-1782067231,23615148421,18959882306,4655266115,215288960620,176762066777,38526893843
2025-09-10 00:00:00,25032.88,25272.23,25032.88,25192.59,337.41,8693632992,540470187649,3674708,196817152317,147869208034,48947944283,6121870834,8849256074,-2727385240,30878751321,19425266021,11453485300,233817774472,176143730129,57674044343
2025-09-11 00:00:00,25509.3,25541.44,25174.13,25215.71,23.12,9553641157,609494103234,4224556,214586290615,181586628884,32999661731,6121937472,12393593973,-6271656501,29611403728,27838117930,1773285798,250319631815,221818340787,28501291028
2025-09-12 00:00:00,25349.7,25492.28,25349.7,25474.64,258.93,7830621434,495051339127,3399552,173785310222,147246810215,26538500007,4643778791,10453850825,-5810072034,23216967241,18274973548,4941993693,201646056254,175975634588,25670421666
2025-09-15 00:00:00,25494.1,25519.94,25284.17,25357.16,-117.48,6958333955,407891369036,3179132,138267824909,135721576320,2546248589,3729987381,11976816473,-8246829092,18693187201,17696443922,996743279,160690999491,165394836715,-4703837224
2025-09-16 00:00:00,25335.46,25664.81,25335.46,25629.64,272.48,7560459055,455107630117,3183247,170110803690,143107272628,27003531062,11189637449,15703428144,-4513790695,18481537671,17379991368,1101546303,199781978810,176190692140,23591286670
2025-09-17 00:00:00,25543.91,25632.07,25422.96,25438.25,-191.39,7849906030,439687060953,3344507,158949127114,164683139172,-5734012058,4989297557,10303574836,-5314277279,19598314469,20184684315,-586369846,183536739140,195171398323,-11634659183
2025-09-18 00:00:00,25543.17,25769.36,25475.25,25769.36,331.11,8339290249,467374300986,3371322,164917830748,152764110032,12153720716,6575147307,11562942372,-4987795065,24223567308,14161084697,10062482611,195716545363,178488137101,17228408262
2025-09-19 00:00:00,25794.66,25864.01,25578.37,25578.37,-190.99,9787714693,619694769912,3620290,255834137935,271579174378,-15745036443,16150637773,18087965578,-1937327805,25664430419,20249723295,5414707124,297649206127,309916863251,-12267657124
2025-09-22 00:00:00,25599.6,25887.69,25599.6,25880.6,302.23,7847993700,482061403631,3364352,153604848339,160255656897,-6650808558,6931709718,12195826983,-5264117265,23744501232,15980732420,7763768812,184281059289,188432216300,-4151157011
2025-09-23 00:00:00,26121,26307.3,26041.69,26247.37,366.77,8950246446,547004847440,3683215,178385961161,167747241954,10638719207,9241256797,10810885361,-1569628564,25607956148,22402447687,3205508461,213235174106,200960575002,12274599104
2025-09-24 00:00:00,26389.16,26394.03,26045.47,26196.73,-50.64,7897848080,515187636594,3460483,161848568535,174798754996,-12950186461,6407723111,14974610199,-8566887088,28412415871,21461301524,6951114347,196668707517,211234666719,-14565959202
2025-09-25 00:00:00,26067.97,26247.85,26023.85,26023.85,-172.88,8846470892,503204151623,3716116,166315689542,166208969456,106720086,8241875446,9983139689,-1741264243,26088856906,19071483924,7017372982,200646421894,195263593069,5382828825
2025-09-26 00:00:00,25998.28,25998.28,25469.04,25580.32,-443.53,8334201118,500052396638,4019744,156262747109,181420599618,-25157852509,6085280752,11737294229,-5652013477,23065364238,27591056441,-4525692203,185413392099,220748950288,-35335558189
2025-09-30 00:00:00,25738.31,25975.84,25738.31,25820.54,240.22,6699602406,455296213373,2736444,201925567154,195374599446,6550967708,7717916277,7021352855,696563422,21398297025,15403398799,5994898226,231041780456,217799351100,13242429356
2025-10-01 00:00:00,26078.29,26325.79,25982.91,25982.91,162.37,7679791251,468840061902,3129297,165578203283,152913239274,12664964009,13824496943,13191363044,633133899,20759672781,17462668870,3297003911,200162373007,183567271188,16595101819
2025-10-02 00:00:00,26392.31,26489.79,26330.25,26378.39,395.48,8085314896,506683446386,3240734,176338139553,152928321041,23409818512,9463698164,9226540676,237157488,25239376334,16416364314,8823012020,211041214051,178571226031,32469988020
2025-10-03 00:00:00,26435.1,26761.06,26410.03,26761.06,382.67,7784825692,480095576070,3218063,157005114901,140045124768,16959990133,5344531340,7034106682,-1689575342,23750747574,17700406307,6050341267,186100393815,164779637757,21320756058
2025-10-07 00:00:00,27029.28,27301.42,27017.08,27211.95,450.89,9348656371,575780610445,3811647,202514834420,201838271619,676562801,4657842539,11370243454,-6712400915,32412437751,21044472411,11367965340,239585114710,234252987484,5332127226
2025-10-08 00:00:00,26999.82,27110.43,26883.99,27063.68,-148.27,8261189883,471275287964,3551145,154770855920,168865243189,-14094387269,3312493160,7658710504,-4346217344,23079645120,19953759344,3125885776,181162994200,196477713037,-15314718837
2025-10-09 00:00:00,27301.61,27463.12,27253.07,27301.92,238.24,9444331803,582670484489,3900659,189531302030,185080045633,4451256397,5803807483,8175316650,-2371509167,26309151112,20275856049,6033295063,221644260625,213531218332,8113042293
2025-10-13 00:00:00,26762.6,26965.72,26470.44,26923.42,-378.5,10191083804,608460235868,4675496,192794376544,249107131483,-56312754939,5794508149,6522094703,-727586554,30189293373,40996364790,-10807071417,228778178066,296625590976,-67847412910
2025-10-14 00:00:00,27282.1,27507.16,26764.06,26793.15,-130.27,12066540173,709086353790,5032547,225947155615,242295924898,-16348769283,7719224321,9595057414,-1875833093,34581774176,40830282054,-6248507878,268248154112,292721264366,-24473110254
2025-10-15 00:00:00,26911.05,27275.71,26773.15,27275.71,482.56,8387861014,521429411299,3394353,201789613158,216889830033,-15100216875,7394036252,8431237802,-1037201550,28621798686,25444518538,3177280148,237805448096,250765586373,-12960138277
2025-10-16 00:00:00,27337.32,27732.78,27337.32,27647.87,372.16,9035460141,565481652363,3459021,196146315676,183187118411,12959197265,9337476427,9137170741,200305686,31361097863,20749893230,10611204633,236844889966,213074182382,23770707584
2025-10-17 00:00:00,27399.91,27513.09,27302.37,27302.37,-345.5,8962849575,556452817043,3811384,179506928666,201504086427,-21997157761,7729548055,13494304344,-5764756289,24406455117,28261483539,-3855028422,211642931838,243259874310,-31616942472
2025-10-20 00:00:00,27480.44,27768.27,27412.45,27688.63,386.26,8045886081,498961206376,3374485,167110436811,152887846374,14222590437,9039270621,12031865809,-2992595188,24233345944,18359632225,5873713719,200383053376,183279344408,17103708968
2025-10-21 00:00:00,27742.55,27969.05,27742.55,27752.41,63.78,8507303277,528880140832,3656829,161767837532,162008551829,-240714297,10292334471,14181570408,-3889235937,28933302369,20378452425,8554849944,200993474372,196568574662,4424899710
2025-10-22 00:00:00,27614.11,27725.83,27490.89,27648.91,-103.5,7835590935,463157561102,3409615,137476697081,159884107574,-22407410493,8619356133,10925754064,-2306397931,25317815723,22567196409,2750619314,171413868937,193377058047,-21963189110
2025-10-23 00:00:00,27457.07,27586.85,27371.67,27532.26,-116.65,7318554768,434561455546,3223519,129337304156,153279797237,-23942493081,8175199557,9275636194,-1100436637,21055221621,20805693001,249528620,158567725334,183361126432,-24793401098
2025-10-27 00:00:00,28029.88,28196.33,27993.63,27993.63,461.37,9337097751,564293629882,3731394,213580604352,180941391697,32639212655,9168379539,12213653333,-3045273794,38940795358,17372900333,21567895025,261689779249,210527945363,51161833886
2025-10-28 00:00:00,28041.01,28087.93,27885.62,27949.11,-44.52,8579810711,555663566461,3915558,177093486349,204207333140,-27113846791,8471872139,7853488955,618383184,23873022681,21338414570,2534608111,209438381169,233399236665,-23960855496
2025-10-29 00:00:00,28157.91,28395.31,28139.65,28294.74,345.63,9076231278,594219629472,3840769,193816838431,186628719995,7188118436,6620786605,11434688936,-4813902331,29336697103,20723559308,8613137795,229774322139,218786968239,10987353900
2025-10-30 00:00:00,28350.24,28527.68,28116.6,28287.53,-7.21,9446378341,633558030252,4261236,214615899804,212960377207,1655522597,8157718500,13591197460,-5433478960,30499123910,30025471734,473652176,253272742214,256577046401,-3304304187
2025-10-31 00:00:00,28280.47,28489.76,28233.35,28233.35,-54.18,8339995492,576144513446,3685497,184761969402,213158584316,-28396614914,8064103899,11542921546,-3478817647,30431395385,22949986365,7481409020,223257468686,247651492227,-24394023541
2025-11-03 00:00:00,28253.53,28494.99,28150.45,28334.59,101.24,8299689369,581496914983,3801445,180070837455,188516434607,-8445597152,10960971075,10985970495,-24999420,26570945529,26575438812,-4493283,217602754059,226077843914,-8475089855
2025-11-04 00:00:00,28364.76,28554.61,28033.62,28116.56,-218.03,8404740088,604283395876,3961004,194746875454,202378062774,-7631187320,11985442026,8341052634,3644389392,24829002494,31669709667,-6840707173,231561319974,242388825075,-10827505101
2025-11-05 00:00:00,27785.91,27799.09,27373.05,27717.06,-399.5,8989778518,619346788683,4143624,201279242967,258806641906,-57527398939,8107867652,9510354729,-1402487077,32985959839,39147175279,-6161215440,242373070458,307464171914,-65091101456
2025-11-06 00:00:00,27906.44,28061.53,27879.7,27899.45,182.39,7863001986,514272235406,3191145,180025997610,185187225719,-5161228109,9814823695,7101569614,2713254081,24878334263,20488096816,4390237447,214719155568,212776892149,1942263419
2025-11-07 00:00:00,27818.54,27818.54,27621.48,27651.41,-248.04,7878592276,486727226387,3660081,156210502756,191567000925,-35356498169,4669227634,6058547642,-1389320008,16001222643,26585379410,-10584156767,176880953033,224210927977,-47329974944
2025-11-10 00:00:00,27805.47,27976.89,27680.51,27869.51,218.1,7491028505,504213278890,3251620,176760812229,182052338427,-5291526198,8878762462,5841379839,3037382623,23047655621,19341138048,3706517573,208687230312,207234856314,1452373998
2025-11-11 00:00:00,28031.54,28187.7,27784.95,27784.95,-84.56,8924063428,584494820328,3913468,185272702725,202640326479,-17367623754,7660351304,5323319069,2337032235,22280095649,27066210768,-4786115119,215213149678,235029856316,-19816706638
2025-11-12 00:00:00,27853.47,28071.76,27799.92,27947.09,162.14,8954069218,576091990790,3816761,198654144150,207138448984,-8484304834,5769421256,8217771097,-2448349841,25137422115,21699721815,3437700300,229560987521,237055941896,-7494954375
2025-11-13 00:00:00,27867.59,28038.24,27811.81,27903.56,-43.53,10545273898,674189961874,4546715,227278112967,233913778573,-6635665606,9599436490,10571460729,-972024239,26927718320,25338479421,1589238899,263805267777,269823718723,-6018450946
2025-11-14 00:00:00,27816.45,27816.45,27383.34,27397.5,-506.06,9939352945,614575227909,4948433,180922110423,241321288926,-60399178503,7655998505,12397430916,-4741432411,21953638613,40792894151,-18839255538,210531747541,294511613993,-83979866452
2025-11-17 00:00:00,27600.74,27723.77,27447.31,27447.31,49.81,8604107358,547722102923,3814397,207801050910,200465808130,7335242780,11824411295,20519874591,-8695463296,18757284563,33456630325,-14699345762,238382746768,254442313046,-16059566278
2025-11-18 00:00:00,27310.4,27310.4,26756.12,26756.12,-691.19,10450443082,672757035089,5492551,220469680115,269007572085,-48537891970,18401965831,21592283479,-3190317648,32141211477,51283200444,-19141988967,271012857423,341883056008,-70870198585
2025-11-19 00:00:00,26708.28,26902.97,26580.12,26580.12,-176,8069342681,516180089038,3919396,202180657170,227869670009,-25689012839,18610280996,17535054229,1075226767,23386978758,31454994268,-8068015510,244177916924,276859718506,-32681801582
2025-11-20 00:00:00,27212.91,27493.63,27183.03,27426.36,846.24,8497528679,592368253864,3468629,216989076311,203882403660,13106672651,20011352758,18668958279,1342394479,26893170741,21366553968,5526616773,263893599810,243917915907,19975683903
2025-11-21 00:00:00,26821.97,26821.97,26395.98,26434.94,-991.42,8853582470,581860848616,4474744,186964255500,278563291519,-91599036019,15875720711,16899491971,-1023771260,31092033744,46366019649,-15273985905,233932009955,341828803139,-107896793184
2025-11-24 00:00:00,26596.03,26764.13,26482.33,26504.24,69.3,9236525911,749163116671,2934302,457272906137,487228755764,-29955849627,15994485696,16683100259,-688614563,22052231865,20536990669,1515241196,495319623698,524448846692,-29129222994
2025-11-25 00:00:00,26995.9,27118.02,26793.71,26912.17,407.93,6714625759,490750703418,2858521,190538998531,184200552186,6338446345,16839986459,18874436780,-2034450321,18070714473,15160169458,2910545015,225449699463,218235158424,7214541039
2025-11-26 00:00:00,27063.17,27409.54,27063.17,27409.54,497.37,7902773415,523531629362,3189083,191648692543,179226083661,12422608882,22980591441,10958639019,12021952422,24993499752,26696227102,-1702727350,239622783736,216880949782,22741833954
2025-11-27 00:00:00,27517.24,27659.06,27436.59,27554.53,144.99,7539156843,506517208172,2947049,182230703545,168777743399,13452960146,19293914600,11648629523,7645285077,22279429475,19347635899,2931793576,223804047620,199774008821,24030038799
2025-11-28 00:00:00,27566.12,27796.9,27566.12,27626.48,71.95,7671742311,489885964092,2985445,172585478918,192055034324,-19469555406,10305637984,5459287073,4846350911,27587935563,15888448924,11699486639,210479052465,213402770321,-2923717856
2025-12-01 00:00:00,27674.16,27697.06,27342.53,27342.53,-283.95,7418235597,493440574126,3283316,166665009388,191014244648,-24349235260,16992164532,9322326012,7669838520,24043250466,26233616433,-2190365967,207700424386,226570187093,-18869762707
2025-12-02 00:00:00,27550.35,27741.89,27477.1,27564.27,221.74,7321099919,486538825279,3003839,191528150077,177952856761,13575293316,9628112533,8303258565,1324853968,21025002349,17582013210,3442989139,222181264959,203838128536,18343136423
2025-12-03 00:00:00,27605.63,27847.67,27605.63,27793.04,228.77,6838633055,457284590648,2825733,174241857158,158027051138,16214806020,7284911480,5880488440,1404423040,19148750616,15284552703,3864197913,200675519254,179192092281,21483426973
2025-12-04 00:00:00,27773.42,27880.23,27636.63,27795.71,2.67,6475222009,397985953488,2684178,144927257381,134581257749,10345999632,4815024020,5466954862,-651930842,16464418114,15158852504,1305565610,166206699515,155207065115,10999634400
2025-12-05 00:00:00,27796.43,27980.89,27738.5,27980.89,185.18,6781520261,457238821346,2968196,172751710548,135873681636,36878028912,4731131847,5236518926,-505387079,20900538897,15251658310,5648880587,198383381292,156361858872,42021522420
2025-12-08 00:00:00,28034,28303.78,28026.39,28303.78,322.89,7603908443,438297179091,3111236,149408531455,135320917009,14087614446,5869622789,5719277273,150345516,20342477919,15378569331,4963908588,175620632163,156418763613,19201868550
2025-12-09 00:00:00,28364.04,28390.24,28157.27,28182.6,-121.18,8116345692,524525111897,3654191,179608067209,185496538460,-5888471251,6653354171,7259413145,-606058974,18902150201,16781221651,2120928550,205163571581,209537173256,-4373601675
2025-12-10 00:00:00,28190.76,28417.09,28190.76,28400.73,218.13,8239950462,509141432257,3681759,176489379908,156881928497,19607451411,8065807918,6226134422,1839673496,23436784228,18175361975,5261422253,207991972054,181283424894,26708547160
2025-12-11 00:00:00,28385.23,28568.02,27984.19,28024.75,-375.98,8087246896,537128803314,3741874,164594980280,183571790345,-18976810065,10288938129,8186940462,2101997667,21700695265,24189897104,-2489201839,196584613674,215948627911,-19364014237
2025-12-12 00:00:00,28097.54,28272.06,28071.34,28198.02,173.27,8508400161,488652979581,3461174,164157603217,147533678717,16623924500,7209419703,5861886670,1347533033,25564769582,18143477476,7421292106,196931792502,171539042863,25392749639
2025-12-15 00:00:00,28119.79,28119.79,27684.87,27866.94,-331.08,7855274707,451740486315,3557639,137212007197,186206979329,-48994972132,8790156605,10913364773,-2123208168,19291126546,22946741745,-3655615199,165293290348,220067085847,-54773795499
2025-12-16 00:00:00,27721.1,27740.66,27355.67,27536.66,-330.28,9586999810,547186167710,4338142,162378892601,221879801352,-59500908751,23504262360,19873137415,3631124945,26673210048,41597182607,-14923972559,212556365009,283350121374,-70793756365
2025-12-17 00:00:00,27596.18,27780.69,27469.6,27525.17,-11.49,9020647323,524829243071,3677384,183194544633,218628090217,-35433545584,20786449619,19988892532,797557087,33745328356,22754141064,10991187292,237726322608,261371123813,-23644801205
2025-12-18 00:00:00,27447.45,27569.44,27350.77,27468.53,-56.64,8450315748,460035955277,3339942,158105025328,184946431686,-26841406358,21632830295,17886266647,3746563648,29218103200,22083336186,7134767014,208955958823,224916034519,-15960075696
2025-12-19 00:00:00,27685.74,27869.78,27672.05,27696.35,227.82,9145168124,568327509178,2974397,235685592512,235809947296,-124354784,46907636446,42558948312,4348688134,23334136696,15794810084,7539326612,305927365654,294163705692,11763659962
2025-12-22 00:00:00,27986.66,28168.75,27986.66,28149.64,453.29,8984157012,504472490831,3141900,173084416267,150462873339,22621542928,30476261214,29356800815,1119460399,29434829806,13604324597,15830505209,232995507287,193423998751,39571508536
2025-12-23 00:00:00,28253.14,28350.37,28212.84,28310.47,160.83,7965662925,431994260374,3146495,130893624390,139068386949,-8174762559,26339434072,24544576214,1794857858,22372035280,14235598101,8136437179,179605093742,177848561264,1756532478
2025-12-24 00:00:00,28383.61,28486.38,28280.59,28371.98,61.51,7899870510,439061668896,3162529,121043676813,124845494068,-3801817255,24998736065,29703512383,-4704776318,23059526017,13262939157,9796586860,169101938895,167811945608,1289993287
2025-12-26 00:00:00,28443.48,28590.91,28404.34,28556.02,184.04,8084220373,443994479984,3225756,123244008533,114826785291,8417223242,27881559956,33136688013,-5255128057,21077981385,14548467359,6529514026,172203549874,162511940663,9691609211
2025-12-29 00:00:00,28662.79,28841.64,28595.35,28810.89,254.87,8569606301,469061962836,3414921,137638063953,128128155889,9509908064,11236338434,12543319209,-1306980775,23314276123,16495613826,6818662297,172188678510,157167088924,15021589586
2025-12-30 00:00:00,28723.82,28833.03,28553.64,28707.13,-103.76,8876360103,469871782250,3499456,138627755551,134155375742,4472379809,21701001472,25782306965,-4081305493,18533146647,16322855975,2210290672,178861903670,176260538682,2601364988
2025-12-31 00:00:00,28723.49,29009.81,28687.9,28963.6,256.47,9768832777,548425314258,3825873,162052489103,162571238008,-518748905,22867214267,25741368863,-2874154596,20557705548,23920090674,-3362385126,205477408918,212232697545,-6755288627
2026-01-02 00:00:00,29016.68,29363.43,29007.75,29349.81,386.21,10724729528,669781989470,4355720,203100890571,191083036975,12017853596,26143791380,30334224468,-4190433088,33323791522,22088084081,11235707441,262568473473,243505345524,19063127949
2026-01-05 00:00:00,29779.7,30339.32,29779.7,30105.04,755.23,12257092861,800793653955,4932097,252532186663,260175659827,-7643473164,25918656427,26229667110,-311010683,43414164590,32664826633,10749337957,321865007680,319070153570,2794854110
2026-01-06 00:00:00,29933.65,30576.3,29933.65,30576.3,471.26,12040596292,763236739665,4665223,258362014710,255520601776,2841412934,15229323717,18008606138,-2779282421,35167217969,25969338098,9197879871,308758556396,299498546012,9260010384
2026-01-07 00:00:00,30412.32,30570.26,30306.16,30435.47,-140.83,14251362877,881736707216,5538374,272318149532,301828054754,-29509905222,16830426364,25043991740,-8213565376,37496787341,35217996831,2278790510,326645363237,362090043325,-35444680088
2026-01-08 00:00:00,30330.58,30593.49,30268.36,30360.55,-74.92,13237635957,759270755036,5393393,246523910341,247202399561,-678489220,8749046368,14282476242,-5533429874,26676211411,31952108099,-5275896688,281949168120,293436983902,-11487815782
2026-01-09 00:00:00,30370.45,30500.42,29925.49,30288.96,-71.59,11350115100,704371387415,4635607,231524665106,239967028475,-8442363369,6641136243,11369735420,-4728599177,33755141269,31806703907,1948437362,271920942618,283143467802,-11222525184
2026-01-12 00:00:00,30472.7,30681.99,30472.7,30567.29,278.33,10706885024,626408176303,4266286,202298470590,214465037681,-12166567091,7020874974,17020993989,-10000119015,31487460904,23815874619,7671586285,240806806468,255301906289,-14495099821
2026-01-13 00:00:00,30630.86,30973.85,30529.33,30707.22,139.93,12095287473,749179436618,4914905,248102620062,232361304691,15741315371,9556041205,16328974662,-6772933457,35057409831,31186837995,3870571836,292716071098,279877117348,12838953750
2026-01-14 00:00:00,30742.53,30994.81,30742.53,30941.78,234.56,11337766253,681983353722,4681743,227629348164,214346846049,13282502115,10870598277,17382273497,-6511675220,35935428183,28822329415,7113098768,274435374624,260551448961,13883925663
2026-01-15 00:00:00,30746.98,30877.31,30663.87,30810.58,-131.2,11502671786,671953720007,4839771,226377838206,226588062689,-210224483,12325643345,15104754858,-2779111513,28150754829,33994023088,-5843268259,266854236380,275686840635,-8832604255
2026-01-16 00:00:00,30844.63,31475.22,30844.63,31408.7,598.12,12754630286,851452408675,5392485,279789178159,239872613692,39916564467,9862302024,17581906133,-7719604109,37906749519,32852315417,5054434102,327558229702,290306835242,37251394460
2026-01-19 00:00:00,31336.77,31827.39,31285.53,31639.29,230.59,13668186807,823428003269,5907091,227704666326,255499428794,-27794762468,15579122865,28701826861,-13122703996,33180310580,38480818374,-5300507794,276464099771,322682074029,-46217974258
2026-01-20 00:00:00,31584.34,31759.99,31340.1,31759.99,120.7,13170800649,799639371793,5725587,257542006097,261525502972,-3983496875,12585050146,21384395739,-8799345593,30992687779,33924594866,-2931907087,301119744022,316834493577,-15714749555
2026-01-21 00:00:00,31749.14,31749.14,31200.76,31246.37,-513.62,14446040108,899309076186,6525387,273826959332,318395248425,-44568289093,12386323807,29894761875,-17508438068,36092662404,51653184678,-15560522274,322305945543,399943194978,-77637249435
2026-01-22 00:00:00,31371.13,31890.62,31371.13,31746.08,499.71,13104288592,814595841360,5428888,279532061582,260253936101,19278125481,12487715016,14405788622,-1918073606,35824045749,28781750734,7042295015,327843822347,303441475457,24402346890
2026-01-23 00:00:00,31788.77,32042.44,31693.15,31961.51,215.43,12103342453,818428930073,5258313,283759545993,260551041416,23208504577,15824601546,16662192736,-837591190,31503998915,26816572996,4687425919,331088146454,304029807148,27058339306
2026-01-26 00:00:00,32002.56,32196.75,31989.86,32064.52,103.01,11574650763,747339306040,5008256,245003851868,246496626548,-1492774680,8360190681,12486921714,-4126731033,31064009085,34385546556,-3321537471,284428051634,293369094818,-8941043184
2026-01-27 00:00:00,32095.08,32428.17,32095.08,32317.92,253.4,12767369519,817604546187,5390959,280090837525,257811961569,22278875956,12855368024,17873716797,-5018348773,36665948057,31350329400,5315618657,329612153606,307036007766,22576145840
2026-01-28 00:00:00,32381.76,32803.82,32381.76,32803.82,485.9,12947973323,853922428449,5477586,290010859732,256734993865,33275865867,14712771351,16100483687,-1387712336,32220872642,34067684488,-1846811846,336944503725,306903162040,30041341685
2026-01-29 00:00:00,32828.02,32996.03,32472.45,32536.27,-267.55,13552952931,959652045839,5986744,328185951720,313526734636,14659217084,12564610040,15523714399,-2959104359,34578493568,47994497360,-13416003792,375329055328,377044946395,-1715891067
2026-01-30 00:00:00,32555.52,32555.52,32004.96,32063.75,-472.52,13417799586,941320964545,6267791,312769688504,364008883488,-51239194984,12603169750,15905314463,-3302144713,32963190775,42356053185,-9392862410,358336049029,422270251136,-63934202107
2026-02-02 00:00:00,32008.46,32008.46,31359.95,31624.03,-439.72,11735154321,771419543919,5758292,234468586610,282518934218,-48050347608,18756362216,13803067831,4953294385,36769709976,47267459244,-10497749268,289994658802,343589461293,-53594802491
2026-02-03 00:00:00,31737.66,32293.83,31737.66,32195.36,571.33,11518844202,821574120123,4708431,285029396502,277761584295,7267812207,20993889920,10376641559,10617248361,33437538583,40329427565,-6891888982,339460825005,328467653419,10993171586
2026-02-04 00:00:00,32196.57,32380,31942.28,32289.81,94.45,10160254873,704644032693,4072781,250552355757,238486311595,12066044162,13790574128,7969850716,5820723412,27922936584,29592528827,-1669592243,292265866469,276048691138,16217175331
2026-02-05 00:00:00,32241.64,32241.64,31769.08,31801.27,-488.54,11186277150,715168705076,4940125,216802823330,289497322529,-72694499199,13316177512,10156400101,3159777411,27601234183,48478145823,-20876911640,257720235025,348131868453,-90411633428
2026-02-06 00:00:00,31746.44,31842.62,31164.28,31782.92,-18.35,10552234186,700313173141,4521784,262493951793,269646946423,-7152994630,12603674766,5839811440,6763863326,25733184469,44619329232,-18886144763,300830811028,320106087095,-19275276067
2026-02-09 00:00:00,31956.21,32666.05,31956.21,32404.62,621.7,9406563866,653957736705,3954439,250921925770,226153309241,24768616529,7955087457,7059307185,895780272,32971128007,22293362715,10677765292,291848141234,255505979141,36342162093
2026-02-10 00:00:00,32439.71,33072.97,32439.71,33072.97,668.35,8544963373,678490714672,3900357,285319096489,229608265625,55710830864,10669701619,6004071269,4665630350,29332505210,26504848730,2827656480,325321303318,262117185624,63204117694
2026-02-11 00:00:00,33086.15,33707.83,33071.67,33605.71,532.74,9640426235,699292298413,4234328,283112807449,230752742713,52360064736,13144220701,9051135739,4093084962,32080381743,30707651533,1372730210,328337409893,270511529985,57825879908
2026-02-23 00:00:00,33663.02,34212.38,33663.02,33773.26,167.55,13167078051,949992767170,5530950,421187321608,412835141456,8352180152,19254208069,21251439991,-1997231922,52182321469,63654393966,-11472072497,492623851146,497740975413,-5117124267
2026-02-24 00:00:00,34020.71,34786.42,33987.51,34700.82,927.56,13165035947,861808912768,5229964,351166108506,288432551958,62733556548,20459896449,14300820155,6159076294,48504018279,33155351132,15348667147,420130023234,335888723245,84241299989
2026-02-25 00:00:00,34753.31,35521.54,34753.31,35413.07,712.25,15806158578,1020570870136,6229085,383952194258,342804022199,41148172059,24004403312,18884219022,5120184290,48572984826,52403371490,-3830386664,456529582396,414091612711,42437969685
2026-02-26 00:00:00,35457.76,35579.34,35171.52,35414.49,1.42,15667310561,1207836722507,6143155,564917279653,575481202415,-10563922762,26764567689,27822870363,-1058302674,44082007956,45880571054,-1798563098,635763855298,649184643832,-13420788534
2026-03-02 00:00:00,35277.48,35345.72,34605.36,35095.09,-319.4,14965963786,1014040137978,6762693,364517088461,403505765537,-38988677076,21820877291,13499369663,8321507628,41524274659,54071353196,-12547078537,427862240411,471076488396,-43214247985
2026-03-03 00:00:00,35106.22,35264.59,34323.65,34323.65,-771.44,16527604581,1113233319063,8200698,335000715502,429708846458,-94708130956,15459560707,11537510418,3922050289,46904039546,71620411130,-24716371584,397364315755,512866768006,-115502452251
2026-03-04 00:00:00,34228.75,34228.75,32828.88,32828.88,-1494.77,17027132902,1099338575770,8552766,345802036791,442417081262,-96615044471,20158714330,13394676381,6764037949,59803454892,99806048533,-40002593641,425764206013,555617806176,-129853600163
2026-03-05 00:00:00,33620.74,34319.68,33472.91,33672.94,844.06,11784121914,793545602327,4641310,265665100340,317160223938,-51495123598,21325999282,6858543801,14467455481,37729833585,46504339607,-8774506022,324720933207,370523107346,-45802174139
2026-03-06 00:00:00,33483.94,33829.49,33322.52,33599.54,-73.4,10206581156,655472934511,4204269,218165847493,253402332864,-35236485371,15137538306,8014242032,7123296274,29470048831,30218169291,-748120460,262773434630,291634744187,-28861309557
2026-03-09 00:00:00,32354.61,32354.61,31529.36,32110.42,-1489.12,14457276951,868304737884,7216495,244505406998,365322571662,-120817164664,18123243768,4552059072,13571184696,54457741203,113096448332,-58638707129,317086391969,482971079066,-165884687097
2026-03-10 00:00:00,32692.37,33256.69,32455.2,32771.87,661.45,11467681132,728225719000,4636839,256127100901,281213077966,-25085977065,18522958969,5463774950,13059184019,38202744692,41669119348,-3466374656,312852804562,328345972264,-15493167702
2026-03-11 00:00:00,33128.49,34218.66,33128.49,34114.19,1342.32,10994809421,693435834178,4225662,255899624598,218718676952,37180947646,8315902056,4261759769,4054142287,38443940668,27669574908,10774365760,302659467322,250650011629,52009455693
2026-03-12 00:00:00,33816.15,34019.48,33458.64,33581.86,-532.33,12188897294,784007384475,5309095,240806519495,311934106558,-71127587063,11506088649,12258077998,-751989349,26988590403,36185617463,-9197027060,279301198547,360377802019,-81076603472
2026-03-13 00:00:00,33215.78,33639.18,33013.46,33400.32,-181.54,11310370787,752682671944,4964034,233400702290,291418006833,-58017304543,10788903934,10832609798,-43705864,26404950038,35686171660,-9281221622,270594556262,337936788291,-67342232029
2026-03-16 00:00:00,33541.25,33765.81,33278.06,33342.51,-57.81,11002126725,755420348265,4870475,237521419675,281346857913,-43825438238,13786250455,13461413951,324836504,31677196080,35106844824,-3429648744,282984866210,329915116688,-46930250478
2026-03-17 00:00:00,33380.84,34008.7,33380.84,33836.57,494.06,11052069276,846176534881,4935819,274468229393,273995847292,472382101,17114867709,16909073997,205793712,36798846374,27703572414,9095273960,328381943476,318608493703,9773449773
2026-03-18 00:00:00,33929.28,34423.66,33929.28,34348.58,512.01,11967644458,924101194833,5415344,304241636729,295220882294,9020754435,10757320028,11045389145,-288069117,44503429706,34540296102,9963133604,359502386463,340806567541,18695818922
2026-03-19 00:00:00,34279.12,34279.12,33663.78,33689.68,-658.9,11805573077,893918756213,6193739,252587869069,343535499606,-90947630537,12431847568,12777985928,-346138360,32749100001,43882681066,-11133581065,297768816638,400196166600,-102427349962
2026-03-20 00:00:00,33719.85,33989.18,33379.24,33543.88,-145.8,12643136708,1004234872968,5495812,395089950026,435400989133,-40311039107,45195585739,44137878891,1057706848,29259911069,39364829220,-10104918151,469545446834,518903697244,-49358250410
2026-03-23 00:00:00,33334,33334,32461.09,32722.5,-821.38,11584224639,712578117331,6013649,199097235576,283019837368,-83922601792,19269828430,8735004794,10534823636,36541317473,67652986215,-31111668742,254908381479,359407828377,-104499446898
2026-03-24 00:00:00,33062.89,33361.46,32434.54,32612.24,-110.26,9933946735,690091065536,4453093,244972307741,257278047154,-12305739413,12126477693,9746868124,2379609569,33774301056,44258882346,-10484581290,290873086490,311283797624,-20410711134
2026-03-25 00:00:00,32725.27,33705.75,32725.27,33439.11,826.87,8730340717,652340765184,3923172,272641708278,235166944490,37474763788,9785612485,8627131795,1158480690,36158255654,23015875431,13142380223,318585576417,266809951716,51775624701
2026-03-26 00:00:00,33575.6,33892.56,33337.62,33337.62,-101.49,9461269146,766599119592,4497644,265454667052,273375019755,-7920352703,12853159987,8109966980,4743193007,32803023383,29508243890,3294779493,311110850422,310993230625,117619797
2026-03-27 00:00:00,33267.25,33267.25,32669.39,33112.59,-225.03,9442000840,658273529008,4418506,221080533360,257436081760,-36355548400,10490251447,10678252726,-188001279,29799934538,31595314737,-1795380199,261370719345,299709649223,-38338929878
2026-03-30 00:00:00,33009.68,33009.68,32326.37,32518.16,-594.43,9871214148,678152191949,4883052,227182393950,291119117713,-63936723763,10500602452,7294083618,3206518834,31597052394,44995729268,-13398676874,269280048796,343408930599,-74128881803
2026-03-31 00:00:00,32419,32453.38,31705.99,31722.99,-795.17,12232062739,882453969577,6087905,337323752858,418069267465,-80745514607,17495548535,14291971678,3203576857,43271104003,64287786539,-21016682536,398090405396,496649025682,-98558620286
2026-04-01 00:00:00,31892.33,33182.22,31892.33,33174.82,1451.83,9341757628,652608970719,3610783,263895638342,240644320289,23251318053,17790110536,7651575716,10138534820,44382267881,22762634553,21619633328,326068016759,271058530558,55009486201
2026-04-02 00:00:00,33218.02,33497.58,32516.94,32572.43,-602.39,10200475573,702608705100,4542142,238418480591,277114042431,-38695561840,15535128465,7110746536,8424381929,31760071397,38748611303,-6988539906,285713680453,322973400270,-37259719817
2026-04-07 00:00:00,32671.52,33264.22,32671.52,33229.82,657.39,8303716897,584692254383,3658892,212131932105,202035325361,10096606744,14097066767,9740422946,4356643821,27872768820,20839983339,7032785481,254101767692,232615731646,21486036046
2026-04-08 00:00:00,33379.5,34761.38,33379.5,34761.38,1531.56,12873431242,894100450046,4818400,373282362693,255509742957,117772619736,12226562965,7506430805,4720132160,65304609762,29436612514,35867997248,450813535420,292452786276,158360749144
2026-04-09 00:00:00,34779.96,34884.45,34617.34,34861.16,99.78,11946350818,872275954561,4973996,344511726941,312732096959,31779629982,9982742913,8625755323,1356987590,37965847810,31769894183,6195953627,392460317664,353127746465,39332571199
2026-04-10 00:00:00,34950.87,35417.83,34950.87,35417.83,556.67,12583637569,871808149506,5134614,324941653192,296133381984,28808271208,9480174170,13781279754,-4301105584,41316774350,29058618512,12258155838,375738601712,338973280250,36765321462
2026-04-13 00:00:00,35422.91,35552.49,35261.73,35457.29,39.46,10803404429,805701457540,4826602,281994545143,298173201967,-16178656824,35772511345,29722988399,6049522946,32116072596,28127543849,3988528747,349883129084,356023734215,-6140605131
2026-04-14 00:00:00,35584.09,36341.44,35584.09,36296.12,838.83,13673749935,1017277556839,5763701,389676870130,320768966732,68907903398,15339325493,21337218393,-5997892900,42650969346,37130271595,5520697751,447667164969,379236456720,68430708249
2026-04-15 00:00:00,36369.11,37064.16,36369.11,36722.14,426.02,13942183786,1025905609552,5876990,413255407401,357905213591,55350193810,13277923185,22171781314,-8893858129,44238453233,49269659546,-5031206313,470771783819,429346654451,41425129368
2026-04-16 00:00:00,36759.53,37135.55,36751.09,37132.02,409.88,13029813066,927314900440,5339093,350862026577,306854514467,44007512110,19858781124,22600670005,-2741888881,46210495362,34365042405,11845452957,416931303063,363820226877,53111076186
2026-04-17 00:00:00,37145.66,37145.66,36776.28,36804.34,-327.68,13629149036,985525733386,5846037,336617354198,338656897533,-2039543335,22856922880,31259882392,-8402959512,42961148842,46526002430,-3564853588,402435425920,416442782355,-14007356435
2026-04-20 00:00:00,36850.24,37344.5,36850.24,36958.8,154.46,13563808775,960963966853,5668981,342382857551,338036478534,4346379017,27755751130,29786839364,-2031088234,39298434203,44140917902,-4842483699,409437042884,411964235800,-2527192916
2026-04-21 00:00:00,37051.25,37781.83,37051.25,37605.11,646.31,13267924991,1021704705351,5502059,378237738435,318084010526,60153727909,36569956731,28510703028,8059253703,44910416890,45623802442,-713385552,459718112056,392218515996,67499596060
2026-04-22 00:00:00,37627.2,38096.88,37623.38,37878.47,273.36,13042520832,979876044142,5580550,338681212463,327071815143,11609397320,28725349591,25012028434,3713321157,41153108753,40415094960,738013793,408559670807,392498938537,16060732270
2026-04-23 00:00:00,37971.69,38921.95,37164.44,37714.15,-164.32,18953441032,1460103003620,8290664,525830603434,528585597431,-2754993997,25264894875,23908712751,1356182124,64435904735,83626358176,-19190453441,615531403044,636120668358,-20589265314
2026-04-24 00:00:00,37862.65,38989.94,37862.65,38932.4,1218.25,12886151833,1081153827550,5531300,393689639274,349781767446,43907871828,33580086918,31363006077,2217080841,52529778324,43651412138,8878366186,479799504516,424796185661,55003318855
2026-04-27 00:00:00,39858.19,40194.92,39607.74,39616.63,684.23,14212315987,1248027623513,6067624,443846638024,495042796943,-51196158919,39225100051,24723561248,14501538803,55768078566,66311006356,-10542927790,538839816641,586077364547,-47237547906
2026-04-28 00:00:00,39531.93,40101.23,39521.73,39521.73,-94.9,10641033425,1057488155712,5188775,376177659775,415475694725,-39298034950,21246462770,15604793264,5641669506,44486560231,44134916009,351644222,441910682776,475215403998,-33304721222
2026-04-29 00:00:00,39176.24,39548.18,38896.3,39303.5,-218.23,10197192638,915272695535,4871239,338372913624,386520362349,-48147448725,22631309887,20502983872,2128326015,30364028059,31963146690,-1599118631,391368251570,438986492911,-47618241341
2026-04-30 00:00:00,39571.46,39848.22,38926.63,38926.63,-376.87,11446952929,1074901891496,5412960,406259095898,459820821006,-53561725108,14855053761,13771840985,1083212776,39999615117,40788484701,-788869584,461113764776,514381146692,-53267381916
2026-05-04 00:00:00,39228.39,40755.52,39228.39,40705.14,1778.51,12395796663,1051315643566,5275383,402015475312,335039774559,66975700753,16194865482,14166407936,2028457546,48561133325,39620532189,8940601136,466771474119,388826714684,77944759435
2026-05-05 00:00:00,40708.4,40885.05,40522.78,40769.29,64.15,12853494887,1049334722789,5728961,358109943345,354119676212,3990267133,26841381710,23114456726,3726924984,38588422748,48675666564,-10087243816,423539747803,425909799502,-2370051699
2026-05-06 00:00:00,40983.04,41575.84,40616.28,41138.85,369.56,16678201403,1524012557672,7380148,604269420170,529164512376,75104907794,33542780925,32021549000,1521231925,65944682343,75555292975,-9610610632,703756883438,636741354351,67015529087
2026-05-07 00:00:00,41259.96,42156.06,41259.96,41933.78,794.93,15231110299,1246902674041,6327519,481490560104,435079033534,46411526570,34125520860,19073192148,15052328712,44556611432,48698877879,-4142266447,560172692396,502851103561,57321588835
2026-05-08 00:00:00,41886.03,42038.6,41132.25,41603.94,-329.84,15497124214,1305390328230,7375237,466029401426,478113938997,-12084537571,30850451204,28893152529,1957298675,54234509847,64271239564,-10036729717,551114362477,571278331090,-20163968613
2026-05-11 00:00:00,41714,42021.78,41529.25,41790.06,186.12,13141091504,1170487539244,6059186,428806127610,439789631612,-10983504002,29878651928,17390367816,12488284112,44725316406,40995001609,3730314797,503410095944,498175001037,5235094907
2026-05-12 00:00:00,41880.66,42253.42,41471.57,41898.32,108.26,19487297206,1446228503722,7362653,513039572893,543533352834,-30493779941,64219072068,25902007032,38317065036,62997592475,83661174663,-20663582188,640256237436,653096534529,-12840297093
2026-05-13 00:00:00,41795.92,41795.92,41014.53,41374.5,-523.82,18632210693,1265792083975,7535107,429355353116,472784827091,-43429473975,51877210243,25815578438,26061631805,48875322871,79141570130,-30266247259,530107886230,577741975659,-47634089429
2026-05-14 00:00:00,41496.23,42205.62,41496.23,41751.75,377.25,14422244219,1275384785248,6367418,445429589660,440886964957,4542624703,38968949177,24672836385,14296112792,46535060937,47797790657,-1262729720,530933599774,513357591999,17576007775
2026-05-15 00:00:00,41830.42,42408.66,41016.73,41172.36,-579.39,17355987461,1374865492241,7885731,486650810119,497077396500,-10426586381,34256621367,35623859074,-1367237707,51391922860,76335405886,-24943483026,572299354346,609036661460,-36737307114
2026-05-18 00:00:00,41095.82,41095.82,40170.17,40891.82,-280.54,13753749982,1042046645948,6137510,381235569281,426476531903,-45240962622,35500262069,18835510074,16664751995,42544938991,56471324793,-13926385802,459280770341,501783366770,-42502596429
2026-05-19 00:00:00,40883.42,40951.56,40168.51,40175.56,-716.26,13603142233,1151219413754,6739920,407598284294,470833237921,-63234953627,43507183254,35340610299,8166572955,39303410899,61654936331,-22351525432,490408878447,567828784551,-77419906104
2026-05-20 00:00:00,40204.16,40439.04,39967.08,40020.82,-154.74,11825319302,1027552700623,5788770,383226867202,429847483184,-46620615982,35288356651,25079598064,10208758587,37687157925,57257089503,-19569931578,456202381778,512184170751,-55981788973
2026-05-21 00:00:00,40263.18,41606.91,40263.18,41368.21,1347.39,12662318814,1047623792398,5214557,398309751347,337969068387,60340682960,32552166835,27171867723,5380299112,47293625214,27697532182,19596093032,478155543396,392838468292,85317075104
2026-05-22 00:00:00,41447.92,42357.6,41447.92,42267.97,899.76,14518650616,1236888820897,6155116,472332888344,396196355691,76136532653,36509074727,25283288167,11225786560,53478833250,34002507382,19476325868,562320796321,455482151240,106838645081
2026-05-25 00:00:00,42667.87,43645.78,42667.87,43644.4,1376.43,16726165336,1352710348031,7130822,450848428505,401389264335,49459164170,40749584857,32335524903,8414059954,56025441232,49137774101,6887667131,547623454594,482862563339,64760891255
2026-05-26 00:00:00,43708.89,44097.63,43349.77,43525.37,-119.03,17964690191,1549710749032,7929015,552149093909,516712698457,35436395452,42118472404,36736312613,5382159791,56027141835,51117177863,4909963972,650294708148,604566188933,45728519215
2026-05-27 00:00:00,43842.26,44818.25,43842.26,44256.8,731.43,18565348678,1630077580758,8087572,579417406287,541289502983,38127903304,36296430552,40515481591,-4219051039,55741192385,58871840005,-3130647620,671455029224,640676824579,30778204645
2026-05-28 00:00:00,44240.8,44954.09,43236.36,43636.44,-620.36,19686100251,1670718874089,9346566,579107159238,617243841050,-38136681812,38478135365,44684180033,-6206044668,64473036014,79511383871,-15038347857,682058330617,741439404954,-59381074337
2026-05-29 00:00:00,43815.48,44933.95,43815.48,44732.94,1096.5,19561019045,1916952445914,7026119,1000865803058,920720341918,80145461140,46339805106,39321737488,7018067618,62859932349,47252722800,15607209549,1110065540513,1007294802206,102770738307
2026-06-01 00:00:00,44872.82,45931.1,44872.82,45337.91,604.97,17539429740,1611133989740,7653162,617880515906,581063143954,36817371952,49360345056,41601714909,7758630147,56324220948,62832820095,-6508599147,723565081910,685497678958,38067402952
2026-06-02 00:00:00,45388.93,45915.92,44869.38,45557.31,219.4,19264949123,1696398095158,8720217,619261948259,608419000079,10842948180,82558287522,79737966049,2820321473,53760698435,69528886543,-15768188108,755580934216,757685852671,-2104918455
2026-06-03 00:00:00,45660.46,46552.16,45660.46,46459.16,901.85,18516900056,1517535663789,7915597,560041420553,516645084906,43396335647,67609302240,62057732108,5551570132,50714955601,48118189359,2596766242,678365678394,626821006373,51544672021
2026-06-04 00:00:00,46364.07,46364.07,45677.46,45677.46,-781.7,16812445952,1325597743625,7913611,451725067552,527410498496,-75685430944,57949038808,53779816019,4169222789,41781777648,63148311395,-21366533747,551455884008,644338625910,-92882741902
2026-06-05 00:00:00,45619.82,45619.82,44209.53,45070.94,-606.52,16019783711,1319821926499,7917856,438592606840,521223765703,-82631158863,41828028120,40207841681,1620186439,54478123028,82908837803,-28430714775,534898757988,644340445187,-109441687199
2026-06-08 00:00:00,44507.49,44507.49,42376.86,43502.78,-1568.16,14641525700,1216574603939,7715284,418356976293,512208523184,-93851546891,41929744680,33154018980,8775725700,50359202364,99506045311,-49146842947,510645923337,644868587475,-134222664138
2026-06-09 00:00:00,43687.62,44821.71,43687.62,44704.44,1201.66,14106451926,1224062987846,5758102,442595518013,534328933959,-91733415946,56259767955,32976230521,23283537434,45886617291,52578291517,-6691674226,544741903259,619883455997,-75141552738
2026-06-10 00:00:00,44581.45,44676.49,43225.54,43225.54,-1478.9,15773244263,1424069567256,8485375,476506000475,570079712420,-93573711945,46981031759,30284812881,16696218878,65884536447,106436029760,-40551493313,589371568681,706800555061,-117428986380
2026-06-11 00:00:00,43172.21,43463.03,42006.39,43149.46,-76.08,14433302867,1338516691099,7106051,513292371055,549071652393,-35779281338,47264037603,34019262466,13244775137,69039209888,81439370618,-12400160730,629595618546,664530285477,-34934666931
2026-06-12 00:00:00,43587.63,44798.88,43587.63,44169.04,1019.58,12336471343,1169186958350,5353143,426784426400,398094158048,28690268352,33584991529,19351742675,14233248854,53191742660,44249210323,8942532337,513561160589,461695111046,51866049543
2026-06-15 00:00:00,44447.87,45483.63,44447.87,45396.99,1227.95,12695045659,1115744351199,5460270,407137110787,360605190350,46531920437,22732740167,16288774448,6443965719,55356858189,42833141082,12523717107,485226709143,419727105880,65499603263
2026-06-16 00:00:00,45500.08,45809.19,45266.34,45809.19,412.2,12388176269,1262185518120,5868458,481498901895,440700704146,40798197749,38695533641,26871872698,11823660943,48124756368,42035986465,6088769903,568319191904,509608563309,58710628595
2026-06-17 00:00:00,45685.27,45877.39,45159.51,45877.39,68.2,12227191968,1154595951473,5745253,391778646085,412462383856,-20683737771,29428288577,29634350578,-206062001,53538055692,57806918048,-4268862356,474744990354,499903652482,-25158662128
2026-06-18 00:00:00,45972.26,46565.7,45972.26,46465.2,587.81,16336544104,1606195402305,6410433,642946219656,621799480727,21146738929,90471452461,95828261532,-5356809071,55485820596,39997547477,15488273119,788903492713,757625289736,31278202977
2026-06-22 00:00:00,46679.57,47871.19,46679.57,47741.51,1276.31,15727229822,1515817959773,7112713,536227696924,467770113547,68457583377,46421503466,56939411858,-10517908392,64035001471,51931232141,12103769330,646684201861,576640757546,70043444315
2026-06-23 00:00:00,47795.09,48218.87,47100.65,47100.65,-640.86,16666417405,1672355337665,8354331,599780997370,638373350011,-38592352641,63398318278,56162360476,7235957802,58335632000,75319783224,-16984151224,721514947648,769855493711,-48340546063
2026-06-24 00:00:00,46909.98,46909.98,45819.71,46043.6,-1057.05,16786237802,1539046268153,8227804,490876559346,668279766214,-177403206868,55252450157,51952562076,3299888081,60868955563,97355355181,-36486399618,606997965066,817587683471,-210589718405
2026-06-25 00:00:00,46339.68,46785.45,46048.7,46255.26,211.66,13456150105,1368076901597,6071315,502190351125,542700394628,-40510043503,64499531195,47082941388,17416589807,51238767669,58239774113,-7001006444,617928649989,648023110129,-30094460140
2026-06-26 00:00:00,46188.6,46188.6,44454.22,44571.76,-1683.5,16709688079,1672832488417,9858892,525490218057,668679433508,-143189215451,45297331394,35194034043,10103297351,76802212187,147536024847,-70733812660,647589761638,851409492398,-203819730760
2026-06-29 00:00:00,44594.81,45521.63,44594.81,44999.9,428.14,11210546174,1045439448015,4895013,443174487241,447510694798,-4336207557,43292022685,28772942556,14519080129,43437515537,48030403222,-4592887685,529904025463,524314040576,5589984887
2026-06-30 00:00:00,45165.8,46637.86,45165.8,46125.91,1126.01,13140347237,1266062228020,5227628,502045785300,502554514292,-508728992,44032500049,43667373157,365126892,58011470564,43426398283,14585072281,604089755913,589648285732,14441470181
2026-07-01 00:00:00,46234.7,47293.1,46234.7,47018.99,893.08,14683404939,1367817795171,6457744,487412687822,455037088016,32375599806,75486285784,59883551572,15602734212,55096650502,49158174185,5938476317,617995624108,564078813773,53916810335
2026-07-02 00:00:00,46833.89,46910.31,45981.89,46744.16,-274.83,11740053658,1083583417368,5564334,362533729605,451580243282,-89046513677,48365666684,38410029034,9955637650,46153393071,50481635153,-4328242082,457052789360,540471907469,-83419118109
2026-07-03 00:00:00,46545.14,46948.83,45880.69,46780.62,36.46,12189040098,1078028137102,5526867,362222374165,440004986780,-77782612615,37936432498,30434262479,7502170019,47151585904,50411174160,-3259588256,447310392567,520850423419,-73540030852
2026-07-06 00:00:00,46897.18,47395.3,46431.38,46556.39,-224.23,12910602003,1064431906064,6006874,347168147530,372672643850,-25504496320,30042264398,22878813381,7163451017,45205105872,54926115144,-9721009272,422415517800,450477572375,-28062054575
2026-07-07 00:00:00,46537.34,46967.04,45432.02,45479.11,-1077.28,15447467314,1228119421876,7718514,413214615558,467945686206,-54731070648,33087148823,23404389071,9682759752,48555929784,97289407476,-48733477692,494857694165,588639482753,-93781788588
2026-07-08 00:00:00,45524.69,45837.12,45036.64,45734.41,255.3,11331191739,1004560446696,5252043,387383463245,425332451234,-37948987989,26647708627,13967415943,12680292684,40582691873,57525432109,-16942740236,454613863745,496825299286,-42211435541
2026-07-09 00:00:00,45805.62,46064.06,45352.41,45354.61,-379.8,10483502597,996789429935,4722256,367858937128,415111753557,-47252816429,30231840066,10331239403,19900600663,37238177571,44909343382,-7671165811,435328954765,470352336342,-35023381577
2026-07-13 00:00:00,45500.32,46330.91,45272.9,45380.52,25.91,11168410368,1067662107060,5448646,408855947974,428415711862,-19559763888,28814503682,16235948076,12578555606,43372883631,54471186932,-11098303301,481043335287,499122846870,-18079511583
2026-07-14 00:00:00,45364.4,45364.4,43654.04,44737.95,-642.57,15548656718,1245206538568,7798338,455458836889,507351649396,-51892812507,33009561957,22008000701,11001561256,71176604239,109467750501,-38291146262,559645003085,638827400598,-79182397513
2026-07-15 00:00:00,44850.69,45881.91,44850.69,45631.59,893.64,10421924556,1024385500649,4431963,395092885421,396508274193,-1415388772,34153100061,21616812315,12536287746,56377204013,46251100366,10126103647,485623189495,464376186874,21247002621
2026-07-16 00:00:00,45511.98,45855.02,44970.64,45624.98,-6.61,10374680186,933180942503,4555916,346579091328,394914062107,-48334970779,31857155928,23212024077,8645131851,41985360979,45342966708,-3357605729,420421608235,463469052892,-43047444657
2026-07-17 00:00:00,45234.08,45234.08,42671.27,42671.27,-2953.71,18215252615,1316661487726,10258077,369530278618,558569087675,-189038809057,39831457268,30328502591,9502954677,75708438616,157887932782,-82179494166,485070174502,746785523048,-261715348546
2026-07-20 00:00:00,42793.15,43084.51,41967.75,42449.7,-221.57,12538408514,1017392854702,5674752,443964571943,450048249619,-6083677676,35685943852,21037126119,14648817733,65530640416,73595083905,-8064443489,545181156211,544680459643,500696568
2026-07-21 00:00:00,42566.93,44232.87,42566.93,44232.87,1783.17,10031372395,856910941863,3905118,342788579291,347120442138,-4331862847,37125008956,19892624640,17232384316,39212654940,35705259752,3507395188,419126243187,402718326530,16407916657
2026-07-22 00:00:00,44513.75,45323.75,44513.75,44825.78,592.91,11281547003,1016045118476,4491562,400290633930,382946641329,17343992601,36314032925,19321831726,16992201199,42931678331,45329673488,-2397995157,479536345186,447598146543,31938198643
2026-07-23 00:00:00,44899.04,45089.82,44340.76,44850.81,25.03,9693167103,921717633151,4264651,357394498961,350436585686,6957913275,26027075350,20690125434,5336949916,38258140995,34064236227,4193904768,421679715306,405190947347,16488767959
2026-07-24 00:00:00,44769.39,44769.39,43607.4,43654.84,-1195.97,9568160565,825076295887,4639643,284539132258,345489621553,-60950489295,20997042345,15289183889,5707858456,35131546729,46283041762,-11151495033,340667721332,407061847204,-66394125872
2026-07-27 00:00:00,43585.92,43686.15,42969.48,43634.19,-20.65,8966152557,739359978786,3900782,326956623296,318916373438,8040249858,15269315646,15548483179,-279167533,35376352295,43233336719,-7856984424,377602291237,377698193336,-95902099
2026-07-28 00:00:00,43221.93,43221.93,41565,41603.36,-2030.83,12520122545,866790067209,7027598,286811717877,374374600026,-87562882149,19122530378,16769062008,2353468370,57985381902,89715115414,-31729733512,363919630157,480858777448,-116939147291
2026-07-29 00:00:00,41491.48,41698.39,39384.85,40039.18,-1564.18,17032878183,1141825426766,8164788,461445334748,483697193299,-22251858551,22624035231,13530172280,9093862951,81147267083,99746281514,-18599014431,565216637062,596973647093,-31757010031
2026-07-30 00:00:00,40048.94,41155.42,39404.65,39933.3,-105.88,13675037233,1132526009472,5306123,484193979060,532505798735,-48311819675,23593264480,10928452354,12664812126,54270606715,69497140508,-15226533793,562057850255,612931391597,-50873541342
2026-07-31 00:00:00,41610.41,43214.36,41610.41,43119.75,3186.45,13755065414,866840341598,3937496,380735807686,313181982525,67553825161,37281434249,3899300639,33382133610,56905356158,73164880748,-16259524590,474922598093,390246163912,84676434181
2026-08-03 00:00:00,42780.42,43784.19,42780.42,43386.41,266.66,11411067935,876945117945,4191849,342908615175,362099530809,-19190915634,31722034486,10653859762,21068174724,38432900976,59086273318,-20653372342,413063550637,431839663889,-18776113252
2026-08-04 00:00:00,43092.49,43912.77,42895.81,43360.66,-25.75,11318972777,1075420331637,4751300,436051477858,441783010684,-5731532826,44552458282,19282368411,25270089871,41448371781,60877108490,-19428736709,522052307921,521942487585,109820336
2026-08-05 00:00:00,43809.83,44980.31,43809.83,44611.6,1250.94,13187102561,1187496911852,5256012,482502591596,392194265772,90308325824,26296996179,17655905568,8641090611,54213333411,52756666269,1456667142,563012921186,462606837609,100406083577
2026-08-06 00:00:00,44487.94,44601.24,44024.32,44396.7,-214.9,10632493944,969470405628,4630275,388458385571,386438567431,2019818140,22397527818,13541891287,8855636531,35686556132,41999374719,-6312818587,446542469521,441979833437,4562636084
2026-08-07 00:00:00,44450.19,44827.13,43941.56,44225.91,-170.79,9346410335,844439695783,4398016,304307797581,345023541371,-40715743790,14297504890,16857868402,-2560363512,34281309472,35249381346,-968071874,352886611943,397130791119,-44244179176
2026-08-10 00:00:00,44540.71,45219.4,44540.71,44928.76,702.85,10234872923,876238549437,4441592,326532363026,274817477894,51714885132,16221682632,13237316434,2984366198,46102263138,27634137181,18468125957,388856308796,315688931509,73167377287
2026-08-11 00:00:00,44883.9,45195.41,44652.06,45120.72,191.96,9729632185,895729602439,4473265,348999743082,326671059787,22328683295,16965701330,13575877093,3389824237,34105054749,31644915147,2460139602,400070499161,371891852027,28178647134
2026-08-12 00:00:00,45175.7,45529.48,45175.7,45518.07,397.35,9960516276,888836225282,4570157,315772101156,304751289162,11020811994,20801629805,18000889407,2800740398,40622118952,31921450217,8700668735,377195849913,354673628786,22522221127
2026-08-13 00:00:00,45676.54,46216.41,45676.54,46021.48,503.41,11480430298,1093328309911,5240347,425052066384,349357549809,75694516575,26028906803,26027937526,969277,55756902369,40696150964,15060751405,506837875556,416081638299,90756237257
2026-08-14 00:00:00,46103.81,46402.6,45798.31,45811.01,-210.47,11956533514,1104843637561,5369646,427876353162,382525022741,45351330421,26480037999,19283718809,7196319190,49150042106,50811230215,-1661188109,503506433267,452619971765,50886461502
2026-08-17 00:00:00,45841.17,46189.3,45765.07,45857.27,46.26,10610935292,979407190588,4740625,368116052597,322668767571,45447285026,22323334935,40069997036,-17746662101,47169620082,45764317166,1405302916,437609007614,408503081773,29105925841
2026-08-18 00:00:00,45922.4,46064.09,45225.42,45308.68,-548.59,10305079770,997609946499,5224255,370993980968,382979792388,-11985811420,40844402975,35181664548,5662738427,33888114824,51495257325,-17607142501,445726498767,469656714261,-23930215494
2026-08-19 00:00:00,45071.34,45071.34,44308.71,44719.35,-589.33,10197940641,885651699569,4880850,345471241711,387110685671,-41639443960,19972011816,32062659330,-12090647514,37927240074,55045532576,-17118292502,403370493601,474218877577,-70848383976
2026-08-20 00:00:00,44942.01,45160.05,44446.36,44933.74,214.39,9040608422,821151035969,4140810,331437364771,327655485943,3781878828,22322529083,23533675143,-1211146060,31542106130,37650316427,-6108210297,385301999984,388839477513,-3537477529
2026-08-21 00:00:00,44923.34,45254.84,44583.87,45224.29,290.55,8199649594,744043808366,3751460,307611669267,279306248282,28305420985,9164654881,7286889552,1877765329,32289468549,29366900898,2922567651,349065792697,315960038732,33105753965
2026-08-24 00:00:00,45240.3,45362.3,44761.88,44762.32,-461.97,8077193397,651904457621,3876297,236037202041,251788048368,-15750846327,13834993250,10129521709,3705471541,23976757736,28309349918,-4332592182,273848953027,290226919995,-16377966968
2026-08-25 00:00:00,44728.36,45169.46,44210.31,45169.46,407.14,8813086840,718570256167,4106662,286619788264,287406371523,-786583259,11833077819,16442958239,-4609880420,32173793676,32113765554,60028122,330626659759,335963095316,-5336435557
2026-08-26 00:00:00,45157.64,45878.39,44925.84,45832.62,663.16,9790073994,836243796302,4110959,317225061270,280626749161,36598312109,19194458103,14339277224,4855180879,45329203603,27395481704,17933721899,381748722976,322361508089,59387214887
2026-08-27 00:00:00,45890.18,46401.78,45890.18,45975.22,142.6,10548940936,959767959737,4528970,356641149793,307546943176,49094206617,17936723508,17758876686,177846822,47965574700,32930398530,15035176170,422543448001,358236218392,64307229609
2026-08-28 00:00:00,46070.83,46574.52,46070.83,46331.45,356.23,11061813357,1059214003734,4945456,390658710385,349070779708,41587930677,16725948599,15766672681,959275918,41002361555,36731661390,4270700165,448387020539,401569113779,46817906760
2026-08-31 00:00:00,46224.69,46224.69,45450.21,46128.47,-202.98,13286730225,1241916839382,5068998,609318210868,623710554730,-14392343862,19379985952,24290259527,-4910273575,40215406817,47668364427,-7452957610,668913603637,695669178684,-26755575047
2026-09-01 00:00:00,46177.11,46948.72,46081.11,46948.72,820.25,12901194468,1129023271888,5301691,401999371001,375291772118,26707598883,39106709134,26005197966,13101511168,62740291306,46410752515,16329538791,503846371441,447707722599,56138648842
2026-09-02 00:00:00,46901.32,46946.6,46164.72,46164.72,-784,10795930100,969890029285,5093311,312218262653,403572798746,-91354536093,20515821580,23833499724,-3317678144,38606321727,58967941095,-20361619368,371340405960,486374239565,-115033833605
2026-09-03 00:00:00,46325.48,46517.45,45839.36,45857.66,-307.06,11187583407,989260563594,5471665,328310720195,376456650958,-48145930763,19697578485,18555703222,1141875263,37983385082,54690891513,-16707506431,385991683762,449703245693,-63711561931