清單,排名,股票代號,英文名稱,原文名稱,中文名稱,信心,備註
日股成交值排行,1,285A,Kioxia Holdings Corporation,キオクシアホールディングス株式会社,鎧俠控股,高,鉅亨網、經濟日報均稱「鎧俠」；台媒亦常寫 Kioxia（鎧俠）
日股成交值排行,2,6857,Advantest Corp.,株式会社アドバンテスト,愛德萬測試,高,鉅亨網個股名稱即「愛德萬測試(株)」；台灣子公司為愛德萬測試股份有限公司
日股成交值排行,3,5803,Fujikura Ltd,株式会社フジクラ,藤倉,高,鉅亨網作「藤倉株式會社」；商號現為片假名フジクラ，舊漢字為藤倉電線
日股成交值排行,4,278A,Terra Drone Corporation,Terra Drone株式会社（テラドローン）,Terra Drone,中,經濟日報、DIGITIMES 皆直接寫英文原名 Terra Drone，無通行中文譯名
日股成交值排行,5,6976,"Taiyo Yuden Co., Ltd.",太陽誘電株式会社,太陽誘電,高,工商時報、科技新報均用「太陽誘電」
日股成交值排行,6,9984,SoftBank Group Corp.,ソフトバンクグループ株式会社,軟銀集團,高,鉅亨網亦作「軟體銀行集團」；台媒最常用「軟銀」
日股成交值排行,7,6525,Kokusai Electric Corporation,株式会社Kokusai Electric,Kokusai Electric,中,鉅亨網、經濟日報、聯合報均直接寫 KOKUSAI／Kokusai Electric；舊名國際電氣（日立國際電氣半導體部門）
日股成交值排行,8,8035,Tokyo Electron Ltd.,東京エレクトロン株式会社,東京威力科創,高,鉅亨網個股名稱即「東京威力科創」，台灣子公司同名；部分媒體寫東京電子
日股成交值排行,9,6981,"Murata Manufacturing Co., Ltd.",株式会社村田製作所,村田製作所,高,台媒常簡稱「村田」
日股成交值排行,10,8306,"Mitsubishi UFJ Financial Group, Inc.",株式会社三菱UFJフィナンシャル・グループ,三菱UFJ金融集團,高,
日股成交值排行,11,4062,"IBIDEN CO., LTD.",イビデン株式会社,揖斐電,高,工商時報、鉅亨網均用「揖斐電（Ibiden）」
日股成交值排行,12,9983,"FAST RETAILING CO., LTD.",株式会社ファーストリテイリング,迅銷,高,公司官方繁中名為迅銷集團；台媒常寫「優衣庫（UNIQLO）母公司迅銷」
日股成交值排行,13,6098,"Recruit Holdings Co., Ltd.",株式会社リクルートホールディングス,瑞可利控股,中,台媒常寫 Recruit（瑞可利）；英文原名出現頻率亦高
日股成交值排行,14,7203,Toyota Motor Corp.,トヨタ自動車株式会社,豐田汽車,高,
日股成交值排行,15,8411,"Mizuho Financial Group, Inc.",株式会社みずほフィナンシャルグループ,瑞穗金融集團,高,日文商號為平假名みずほ，漢字原為瑞穂
日股成交值排行,16,6146,Disco Corporation,株式会社ディスコ,迪思科,高,鉅亨網用「迪思科」，台灣子公司為迪思科高科技；科技新報等亦直接寫 DISCO
日股成交值排行,17,6758,Sony Group Corporation,ソニーグループ株式会社,索尼集團,高,台媒多直接寫 Sony；台灣舊譯「新力」已於2009年正名為索尼
日股成交值排行,18,8316,"Sumitomo Mitsui Financial Group, Inc.",株式会社三井住友フィナンシャルグループ,三井住友金融集團,高,
日股成交值排行,19,5801,"Furukawa Electric Co., Ltd.",古河電気工業株式会社,古河電工,高,全名古河電氣工業
日股成交值排行,20,7011,"Mitsubishi Heavy Industries, Ltd.",三菱重工業株式会社,三菱重工,高,
日股成交值排行,21,6920,Lasertec Corp.,レーザーテック株式会社,Lasertec,高,鉅亨網、工商時報、MoneyDJ 皆直接寫 Lasertec，無通行中文譯名
日股成交值排行,22,5411,"JFE Holdings, Inc.",JFEホールディングス株式会社,JFE控股,高,
日股成交值排行,23,7974,"Nintendo Co., Ltd.",任天堂株式会社,任天堂,高,
日股成交值排行,24,5016,JX Advanced Metals Corporation,JX金属株式会社,JX金屬,中,日文商號仍為JX金属，2025年英文名改為JX Advanced Metals；台媒多寫JX金屬或JX Advanced Metals
日股成交值排行,25,6501,"Hitachi, Ltd.",株式会社日立製作所,日立製作所,高,台媒常簡稱「日立」
日股成交值排行,26,9432,NTT Inc,NTT株式会社（原：日本電信電話株式会社）,NTT,高,2025年7月正式商號由日本電信電話改為NTT；台媒寫NTT，或加註日本電信電話
日股成交值排行,27,8766,"Tokio Marine Holdings, Inc.",東京海上ホールディングス株式会社,東京海上控股,高,
日股成交值排行,28,9024,"Seibu Holdings, Inc.",株式会社西武ホールディングス,西武控股,高,
日股成交值排行,29,6861,Keyence Corporation,株式会社キーエンス,基恩斯,中,台灣子公司為台灣基恩斯；鉅亨網作KEYENCE株式會社，台媒亦常直接寫KEYENCE；中國譯基恩士
日股成交值排行,30,3103,Unitika Ltd.,ユニチカ株式会社,尤尼吉可,中,尤尼吉可為公司官方中文名；台灣財經媒體少見，多直接寫 Unitika
日股成交值排行,31,5802,"Sumitomo Electric Industries, Ltd.",住友電気工業株式会社,住友電工,高,全名住友電氣工業
日股成交值排行,32,7741,HOYA CORPORATION,HOYA株式会社,HOYA,高,台灣財經媒體直接寫英文原名 HOYA；眼鏡鏡片業界稱「豪雅」
日股成交值排行,33,6178,"JAPAN POST HOLDINGS Co., Ltd.",日本郵政株式会社,日本郵政,高,
日股成交值排行,34,6367,"DAIKIN INDUSTRIES, LTD.",ダイキン工業株式会社,大金工業,高,台媒常簡稱「大金」
日股成交值排行,35,8058,Mitsubishi Corporation,三菱商事株式会社,三菱商事,高,
日股成交值排行,36,8002,Marubeni Corporation,丸紅株式会社,丸紅,高,
日股成交值排行,37,6752,Panasonic Holdings Corporation,パナソニックホールディングス株式会社,Panasonic控股,中,台媒多直接寫 Panasonic；舊稱松下電器，2008年正名為Panasonic，中國稱松下控股
日股成交值排行,38,4502,Takeda Pharmaceutical Co. Ltd.,武田薬品工業株式会社,武田藥品工業,高,台媒常簡稱「武田藥品」
日股成交值排行,39,8031,"Mitsui & Co.,Ltd",三井物産株式会社,三井物產,高,
日股成交值排行,40,4503,Astellas Pharma Inc.,アステラス製薬株式会社,安斯泰來製藥,高,台灣子公司為台灣安斯泰來製藥
日股成交值排行,41,5706,"Mitsui Kinzoku Co., Ltd.",三井金属鉱業株式会社,三井金屬礦業,高,鉅亨網個股名稱即「三井金屬礦業」
日股成交值排行,42,6503,Mitsubishi Electric Corp.,三菱電機株式会社,三菱電機,高,
日股成交值排行,43,4063,"Shin-Etsu Chemical Co., Ltd.",信越化学工業株式会社,信越化學工業,高,台媒常簡稱「信越化學」
日股成交值排行,44,6723,Renesas Electronics Corporation,ルネサスエレクトロニクス株式会社,瑞薩電子,高,鉅亨網、MoneyDJ 均用「瑞薩電子」
日股成交值排行,45,5713,"Sumitomo Metal Mining Co., Ltd.",住友金属鉱山株式会社,住友金屬礦山,高,
日股成交值排行,46,7267,"Honda Motor Co., Ltd.",本田技研工業株式会社,本田汽車,高,台媒常寫「本田」或直接用 Honda
日股成交值排行,47,4004,Resonac Holdings Corporation,株式会社レゾナック・ホールディングス,力森諾科控股,中,舊名昭和電工，2023年更名；台灣子公司為台灣力森諾科，台灣財經媒體亦常直接寫 Resonac
日股成交值排行,48,6326,Kubota Corporation,株式会社クボタ,久保田,高,台灣代理商為新臺灣久保田；商號現為片假名クボタ
日股成交值排行,49,7182,"Japan Post Bank Co., Ltd.",株式会社ゆうちょ銀行,日本郵政銀行,高,日文商號為平假名ゆうちょ銀行，台媒統一譯日本郵政銀行
日股成交值排行,50,8001,Itochu Corporation,伊藤忠商事株式会社,伊藤忠商事,高,台媒常簡稱「伊藤忠」
日股成交值排行,51,6701,NEC Corporation,日本電気株式会社,NEC,高,日文正式商號為「日本電氣」，但台灣財經媒體（鉅亨、MoneyDJ）一律直接寫 NEC
日股成交值排行,52,3436,SUMCO Corporation,株式会社SUMCO,SUMCO,高,無中譯，台媒直接寫 SUMCO（全球第二大矽晶圓廠）
日股成交值排行,53,6954,Fanuc Corporation,ファナック株式会社,發那科,高,鉅亨網作「發那科」；MoneyDJ 多直接寫 Fanuc
日股成交值排行,54,9503,"Kansai Electric Power Company, Incorporated",関西電力株式会社,關西電力,高,
日股成交值排行,55,9433,KDDI Corporation,KDDI株式会社,KDDI,高,無通用中譯，台媒直接寫 KDDI（日本第二大電信）
日股成交值排行,56,6702,Fujitsu Limited,富士通株式会社,富士通,高,
日股成交值排行,57,9101,Nippon Yusen Kabushiki Kaisha,日本郵船株式会社,日本郵船,高,
日股成交值排行,58,7012,Kawasaki Heavy Industries Ltd.,川崎重工業株式会社,川崎重工,高,正式商號為川崎重工業，台媒慣稱川崎重工
日股成交值排行,59,7013,IHI Corporation,株式会社IHI,IHI,高,2007年由「石川島播磨重工業」更名，台媒直接寫 IHI
日股成交值排行,60,6273,SMC Corporation,SMC株式会社,SMC,高,台灣子公司名為「速睦喜」，但財經媒體直接寫 SMC（氣動元件龍頭）
日股成交值排行,61,5401,NIPPON STEEL CORP.,日本製鉄株式会社,日本製鐵,高,
日股成交值排行,62,2914,Japan Tobacco Inc.,日本たばこ産業株式会社,日本菸草,高,台媒亦常用簡稱「JT」
日股成交值排行,63,8591,ORIX Corporation,オリックス株式会社,歐力士,高,台灣有歐力士租賃／歐力士租車，台媒統一用「歐力士」
日股成交值排行,64,6301,Komatsu Ltd.,株式会社小松製作所,小松製作所,高,台媒亦常寫「小松」或 Komatsu
日股成交值排行,65,9104,"Mitsui O.S.K.Lines,Ltd.",株式会社商船三井,商船三井,高,
日股成交值排行,66,8053,Sumitomo Corporation,住友商事株式会社,住友商事,高,
日股成交值排行,67,8750,Daiichi Life Group. Inc.,株式会社第一ライフグループ,第一生命集團,中,2026年4月由「第一生命ホールディングス（第一生命控股）」更名；台媒目前仍多沿用「第一生命」或「第一生命控股」
日股成交值排行,68,4568,"Daiichi Sankyo Company, Limited",第一三共株式会社,第一三共,高,
日股成交值排行,69,6762,TDK Corporation,TDK株式会社,TDK,高,無中譯，台媒直接寫 TDK；台灣子公司名為「台灣東電化」
日股成交值排行,70,7735,"SCREEN Holdings Co., Ltd",株式会社SCREENホールディングス,SCREEN Holdings,中,台媒（MoneyDJ、鉅亨）多直接寫 Screen／SCREEN；舊名「大日本網屏製造」，台灣子公司稱「迪恩士」
日股成交值排行,71,8725,"MS&AD Insurance Group Holdings, Inc.",MS&ADインシュアランスグループホールディングス株式会社,MS&AD保險集團控股,中,台媒多直接寫 MS&AD，旗下為三井住友海上
日股成交值排行,72,7936,Asics Corporation,株式会社アシックス,亞瑟士,高,台灣官方名稱即「台灣亞瑟士」
日股成交值排行,73,8136,Sanrio Co. Ltd.,株式会社サンリオ,三麗鷗,高,鉅亨網作「三麗鷗株式會社」
日股成交值排行,74,8309,"Sumitomo Mitsui Trust Group, Inc.",三井住友トラストグループ株式会社,三井住友信託集團,中,2024年10月由「三井住友トラスト・ホールディングス（三井住友信託控股）」更名
日股成交值排行,75,7751,Canon Inc.,キヤノン株式会社,佳能,高,日文商號的「ヤ」為大寫，非拗音
日股成交值排行,76,5711,Mitsubishi Materials Corp.,三菱マテリアル株式会社,三菱綜合材料,高,台媒亦作「三菱材料」
日股成交值排行,77,4901,FUJIFILM Holdings Corp,富士フイルムホールディングス株式会社,富士軟片控股,高,日文商號「フイルム」為大寫イ
日股成交值排行,78,1605,Inpex Corporation,株式会社INPEX,INPEX,高,2021年由「國際石油開發帝石」更名，台媒直接寫 INPEX
日股成交值排行,79,6330,Toyo Engineering Corporation,東洋エンジニアリング株式会社,東洋工程,中,日文商號為片假名，台媒依英文意譯為「東洋工程」，亦有直接寫 Toyo Engineering
日股成交值排行,80,8802,"Mitsubishi Estate Company, Limited",三菱地所株式会社,三菱地所,高,
日股成交值排行,81,3382,"Seven & I Holdings Co., Ltd.",株式会社セブン＆アイ・ホールディングス,7&I控股,中,鉅亨網作「7&I控股」；台媒亦常寫 Seven & i 或「7-11母公司」。曾規劃更名為 Seven-Eleven Corporation，2025年股東會延後
日股成交值排行,82,8308,"Resona Holdings, Inc.",株式会社りそなホールディングス,里索那控股,中,台媒常直接寫 Resona；中文維基與該行中文網頁用「里索那」
日股成交值排行,83,4519,"Chugai Pharmaceutical Co., Ltd.",中外製薬株式会社,中外製藥,高,
日股成交值排行,84,9434,SoftBank Corp.,ソフトバンク株式会社,軟銀公司,高,電信本業公司，須與母公司「軟銀集團」（9984 SoftBank Group）區分
日股成交值排行,85,7272,"Yamaha Motor Co., Ltd.",ヤマハ発動機株式会社,山葉發動機,高,鉅亨網作「山葉發動機」，台媒亦寫 Yamaha 發動機
日股成交值排行,86,7269,Suzuki Motor Corp.,スズキ株式会社,鈴木汽車,高,日文正式商號為片假名「スズキ」，台媒沿用漢字「鈴木」
日股成交值排行,87,8801,"Mitsui Fudosan Co., Ltd.",三井不動産株式会社,三井不動產,高,
日股成交值排行,88,4307,"Nomura Research Institute,Ltd.",株式会社野村総合研究所,野村綜合研究所,高,台媒亦常用簡稱 NRI
日股成交值排行,89,6902,DENSO CORPORATION,株式会社デンソー,電裝,高,鉅亨網作「電裝公司」；台灣子公司名為「台灣電綜」
日股成交值排行,90,6361,Ebara Corporation,株式会社荏原製作所,荏原製作所,高,
日股成交值排行,91,8015,Toyota Tsusho Corp.,豊田通商株式会社,豐田通商,高,
日股成交值排行,92,8473,SBI Holdings Incorporated,株式会社SBIホールディングス,SBI控股,高,鉅亨網作「SBI控股株式會社」
日股成交值排行,93,4578,"Otsuka Holdings Co., Ltd.",大塚ホールディングス株式会社,大塚控股,高,
日股成交值排行,94,3659,"NEXON Co., Ltd.",株式会社ネクソン,NEXON,中,台媒直接寫 NEXON（韓資、日本上市遊戲商，楓之谷、天堂M等）
日股成交值排行,95,6963,ROHM Company Limited,ローム株式会社,羅姆半導體,高,鉅亨網作「羅姆半導體株式會社」，亦簡稱「羅姆」
日股成交值排行,96,3110,"Nitto Boseki Co., Ltd.",日東紡績株式会社,日東紡績,高,日文通稱「日東紡」，玻璃纖維布（BT材料）供應商
日股成交值排行,97,6506,Yaskawa Electric Corporation,株式会社安川電機,安川電機,高,
日股成交值排行,98,7201,"Nissan Motor Co., Ltd.",日産自動車株式会社,日產汽車,高,
日股成交值排行,99,581A,GO Inc.,GO株式会社,GO,高,日本最大叫車App業者，2026年於東證上市；台媒無中譯，直接寫「叫車App GO」
日股成交值排行,100,6971,Kyocera Corporation,京セラ株式会社,京瓷,高,鉅亨網作「京瓷株式會社」
韓股成交值排行,1,034220,"LG Display Co., Ltd",LG디스플레이,樂金顯示,高,台灣財經媒體慣用譯名，亦常直接寫LG Display
韓股成交值排行,2,032940,Wonik Corporation,원익,元益,中,依漢字語還原（원익=元益），原익集團母公司；漢字未見官方標示
韓股成交值排行,3,067290,JW Shinyak Corp.,JW신약,JW新藥,中,依漢字語還原（신약=新藥），JW中外製藥集團旗下
韓股成交值排行,4,024840,"KBI METAL Co., Ltd.",KBI메탈,KBI Metal,中,無中文譯名，沿用英文（메탈為外來語metal）
韓股成交值排行,5,004770,Sunny Electronics Corporation,써니전자,Sunny電子,中,「써니」為外來語Sunny，「전자」依漢字語還原為電子
韓股成交值排行,6,004310,"Hyundai Pharmaceutical Co., Ltd.",현대약품,現代藥品,中,依漢字語還原（현대약품=現代藥品），與現代汽車集團無關
韓股成交值排行,7,033790,FINO INC.,피노,Fino,中,無中文譯名，沿用英文；原名서화정보통신，現為中國中偉股份(CNGR)子公司
韓股成交值排行,8,417010,"NanoTIM Co., Ltd.",나노팀,NanoTIM,中,無中文譯名，沿用英文
韓股成交值排行,9,088350,"HANWHA LIFE INSURANCE Co., Ltd.",한화생명,韓華人壽,高,台灣財經媒體慣用譯名
韓股成交值排行,10,443670,SPSoft Inc.,에스피소프트,SPSoft,中,無中文譯名，沿用英文
韓股成交值排行,11,299660,"Cellid Co., Ltd.",셀리드,Cellid,中,無中文譯名，沿用英文
韓股成交值排行,12,256840,BNC KOREA. Inc.,한국비엔씨,韓國BNC,中,韓文原名「한국비엔씨」即Korea BNC，한국依漢字語還原為韓國
韓股成交值排行,13,079650,Seosan Corporation,서산,瑞山,中,依漢字語還原，漢字推定為瑞山（公司未標示官方漢字）；業務為預拌混凝土與電動車充電
韓股成交值排行,14,332570,"Pentastone Electronics, Inc.",PS일렉트로닉스,PS Electronics,中,無中文譯名，沿用英文；現行韓文股票名為PS일렉트로닉스（피에스일렉트로닉스）
韓股成交值排行,15,073240,"Kumho Tire Co., Inc.",금호타이어,錦湖輪胎,高,台灣財經媒體慣用譯名
韓股成交值排行,16,041190,"Woori Technology Investment Co., Ltd.",우리기술투자,友利技術投資,中,「우리」為韓語固有語（意為「我們」）無漢字，依Woori慣用音譯「友利」；기술투자=技術投資
韓股成交值排行,17,0220W0,"Hanwha Machinery & Service Holdings Co., Ltd.",한화머시너리앤서비스홀딩스,韓華機械服務控股,中,「한화」沿用韓華集團既有譯名，其餘依英文意譯；2026年由(株)韓華分割上市
韓股成交值排行,18,328130,Lunit Inc.,루닛,Lunit,高,台灣媒體直接沿用英文原名
韓股成交值排行,19,069540,LIGHTRON FIBER-OPTIC DEVICES INC.,빛과전자,光與電子,中,韓文原名「빛과전자」意為「光與電子」（빛=光為固有語），英文名Lightron
韓股成交值排行,20,085660,"CHA Biotech Co., Ltd.",차바이오텍,車生物科技,中,「차」為創辦人姓氏車(車)，바이오텍為外來語biotech；亦常寫CHA Biotech
韓股成交值排行,21,0039P0,"MadUp, Inc.",매드업,MadUp,中,無中文譯名，沿用英文；2026年7月新上市
韓股成交值排行,22,187660,Penetrium Bioscience Inc.,페니트리움바이오사이언스,Penetrium Bioscience,中,無中文譯名，沿用英文；2026年由현대ADM（現代ADM）更名
韓股成交值排行,23,900300,Organic Tea Cosmetics Holdings Co. Ltd.,오가닉티코스메틱,有機茶化妝品控股,中,在韓上市之中國（香港控股）企業，依英文名意譯
韓股成交值排行,24,293490,Kakao Games Corp.,카카오게임즈,Kakao Games,高,台灣媒體慣用直接沿用英文原名
韓股成交值排行,25,365550,"ESR Kendall Square REIT Co., Ltd.",ESR켄달스퀘어리츠,ESR Kendall Square REIT,中,無中文譯名，沿用英文；리츠=REIT不動產投資信託
韓股成交值排行,26,079160,"CJ CGV Co., Ltd",CJ CGV（씨제이씨지브이）,CJ CGV,高,台灣媒體慣用直接沿用英文原名
韓股成交值排行,27,025980,Ananti Inc.,아난티,Ananti,中,無中文譯名，沿用英文
韓股成交值排行,28,228340,TONGYANG PILE Inc.,동양파일,東洋Pile,中,「동양」依漢字語還原為東洋，「파일」為外來語pile（混凝土基樁），無中文譯名故保留
韓股成交值排行,29,330350,"WITHUS PHARMACEUTICAL Co., Ltd.",위더스제약,Withus製藥,中,「위더스」為外來語Withus，「제약」依漢字語還原為製藥
韓股成交值排行,30,028670,"Pan Ocean Co., Ltd.",팬오션,泛洋海運,高,台灣財經媒體慣用譯名
韓股成交值排行,31,226340,"Bonne Co., Ltd.",본느,Bonne,中,無中文譯名，沿用英文（法語外來語）
韓股成交值排行,32,288980,"Moadata Co., Ltd",모아데이타,Moadata,中,無中文譯名，沿用英文
韓股成交值排行,33,091590,"NAM HWA CONSTRUCTION Co., Ltd.",남화토건,南華土建,中,依漢字語還原（남화토건=南華土建）
韓股成交值排行,34,054940,EXA E & C Inc.,엑사이엔씨,EXA E&C,中,無中文譯名，沿用英文
韓股成交值排行,35,144960,"New Power Plasma Co., Ltd.",뉴파워프라즈마,New Power Plasma,中,無中文譯名，沿用英文
韓股成交值排行,36,358570,"GI Innovation, Inc.",지아이이노베이션,GI Innovation,中,無中文譯名，沿用英文
韓股成交值排行,37,020120,"KidariStudio, Inc.",키다리스튜디오,Kidari Studio,中,無中文譯名，沿用英文；「키다리」為固有語（意為長腿／高個子）無漢字
韓股成交值排行,38,413630,"CP System Co., Ltd",씨피시스템,CP System,中,無中文譯名，沿用英文
韓股成交值排行,39,014950,"Samik Pharm Co., Ltd.",삼익제약,三益製藥,中,依漢字語還原（삼익제약=三益製藥）
韓股成交值排行,40,064260,"Danal Co., Ltd",다날,Danal,中,無中文譯名，沿用英文
韓股成交值排行,41,001510,"SK Securities Co., Ltd.",SK증권,SK證券,高,台灣財經媒體慣用譯名
韓股成交值排行,42,062970,"KOREA ADVANCED MATERIALS Co.,Ltd.",한국첨단소재,韓國尖端素材,中,依漢字語還原（한국첨단소재=韓國尖端素材）
韓股成交值排行,43,003280,"Heung-A Shipping Co., Ltd",흥아해운,興亞海運,中,依漢字語還原（흥아해운=興亞海運）
韓股成交值排行,44,134580,Topco Media Co.Ltd.,탑코미디어,Topco Media,中,無中文譯名，沿用英文；旗下為웹툰平台탑툰(Toptoon)
韓股成交值排行,45,204620,"Global Tax Free Co., Ltd.",글로벌텍스프리,Global Tax Free,中,無中文譯名，沿用英文
韓股成交值排行,46,302430,"Innometry Co., Ltd.",이노메트리,Innometry,中,無中文譯名，沿用英文
韓股成交值排行,47,000370,"Hanwha General Insurance Co., Ltd",한화손해보험,韓華損害保險,高,台灣財經媒體慣用譯名，亦作韓華產險
韓股成交值排行,48,003530,HANWHA INVESTMENT&SECURITIES Co. Ltd.,한화투자증권,韓華投資證券,高,台灣財經媒體慣用譯名
韓股成交值排行,49,487400,"KNS, Inc.",케이앤에스아이앤씨,KNS I&C,中,無中文譯名，沿用英文；2026年8月新上市，衛星通訊天線廠
韓股成交值排行,50,225190,LK SAMYANG CO. LTD,엘케이삼양,LK三養,中,「삼양」依漢字語還原為三養；原名삼양옵틱스（三養光學）
韓股成交值排行,51,001740,"SK Networks Co., Ltd.",SK네트웍스,SK網絡,高,台灣財經媒體慣用譯名
韓股成交值排行,52,137310,"SD Biosensor, Inc.",에스디바이오센서,SD Biosensor,高,台媒直接沿用英文原名
韓股成交值排行,53,036540,"SFA Semicon Co., Ltd.",SFA반도체,SFA半導體,中,依漢字語還原（반도체＝半導體）
韓股成交值排行,54,465770,STX Green Logis Ltd,STX그린로지스,STX Green Logis,中,無中文譯名，沿用英文
韓股成交值排行,55,198440,KANGDONG C&L co. Ltd,강동씨앤엘,江東C&L,中,依漢字語還原；前身為고려시멘트（高麗水泥）
韓股成交值排行,56,018880,Hanon Systems,한온시스템,翰昂系統,高,台灣財經媒體慣用譯名
韓股成交值排行,57,108230,Toptec Corp.,톱텍,Toptec,中,無中文譯名，沿用英文
韓股成交值排行,58,462860,Dozn Inc.,더즌,Dozn,中,無中文譯名，沿用英文
韓股成交值排行,59,064550,Bioneer Corporation,바이오니아,Bioneer,中,無中文譯名，沿用英文
韓股成交值排行,60,215600,"SillaJen, Inc.",신라젠,SillaJen,中,無中文譯名，沿用英文（신라＝新羅）
韓股成交值排行,61,126640,"Hwashin Precision Co., Ltd",화신정공,華信精工,中,依漢字語還原
韓股成交值排行,62,101360,"Eco&Dream Co., Ltd.",에코앤드림,Eco&Dream,中,無中文譯名，沿用英文
韓股成交值排行,63,017900,AUK CORP.,광전자,光電子,中,依漢字語還原
韓股成交值排行,64,090710,"Hyulim ROBOT Co., Ltd.",휴림로봇,Hyulim Robot,中,휴림查無對應漢字，沿用英文
韓股成交值排行,65,048410,HYUNDAI BIOSCIENCE CO. LTD.,현대바이오사이언스,現代Bioscience,中,依漢字語還原（현대＝現代），後段為外來語
韓股成交值排行,66,351320,Nexa Dynamics Co. Ltd.,넥사다이내믹스,Nexa Dynamics,中,無中文譯名，沿用英文；前身에스에이티이엔지（SAT ENG）
韓股成交值排行,67,027360,"AJU IB INVESTMENT CO., LTD.",아주IB투자,亞洲IB投資,中,依漢字語還原（아주＝亞洲、투자＝投資）
韓股成交值排行,68,382800,"GnBS eco Co.,Ltd",지앤비에스 에코,GnBS eco,中,無中文譯名，沿用英文
韓股成交值排行,69,047770,"Codes Combine Co., Ltd",코데즈컴바인,Codes Combine,中,無中文譯名，沿用英文
韓股成交值排行,70,388050,G2Power Co. Ltd,지투파워,G2Power,中,無中文譯名，沿用英文
韓股成交值排行,71,006910,"Bosung Power Technology Co., Ltd.",보성파워텍,寶城Powertec,中,보성依漢字語還原為寶城，後段為外來語
韓股成交值排行,72,223310,Satoshi Holdings Co. Ltd.,사토시홀딩스,Satoshi Holdings,中,無中文譯名，沿用英文
韓股成交值排行,73,253840,"Sugentech, Inc.",수젠텍,Sugentech,中,無中文譯名，沿用英文
韓股成交值排行,74,222040,COSMAX NBT INC.,코스맥스엔비티,科絲美詩NBT,中,COSMAX集團中文名為科絲美詩
韓股成交值排行,75,050890,SOLiD Inc.,쏠리드,SOLiD,中,無中文譯名，沿用英文
韓股成交值排行,76,058730,"Development Advance Solution Co., Ltd",다스코,DASCO,中,韓文社名為다스코（DASCO），無中文譯名，沿用英文
韓股成交值排行,77,077500,Uniquest Corporation,유니퀘스트,Uniquest,中,無中文譯名，沿用英文
韓股成交值排行,78,046970,"WOORIRO CO., LTD.",우리로,Wooriro,中,우리為固有語無漢字，沿用英文
韓股成交值排行,79,005880,Korea Line Corporation,대한해운,大韓海運,高,台灣財經媒體慣用譯名
韓股成交值排行,80,222080,"SFA NEXEL Co., Ltd.",SFA넥셀,SFA Nexel,中,無中文譯名，沿用英文
韓股成交值排行,81,121850,"KOYJ CO., LTD.",코이즈,KOYJ,中,無中文譯名，沿用英文
韓股成交值排行,82,018000,Unison Co Ltd,유니슨,Unison,中,無中文譯名，沿用英文
韓股成交值排行,83,243840,"SHIN HEUNG ENERGY & ELECTRONICS Co., Ltd.",신흥에스이씨,新興SEC,中,依漢字語還原
韓股成交值排行,84,142280,GC Medical Science Corporation,녹십자엠에스,綠十字MS,中,依漢字語還原（녹십자＝綠十字）
韓股成交值排行,85,072770,MemRAY BT Co. LTD.,멤레이비티,MemRAY BT,中,無中文譯名，沿用英文；前身為율호
韓股成交值排行,86,042510,"RaonSecure Co., Ltd.",라온시큐어,RaonSecure,中,라온為固有語無漢字，沿用英文
韓股成交值排行,87,032580,"Fidelix Co., Ltd",피델릭스,Fidelix,中,無中文譯名，沿用英文
韓股成交值排行,88,393890,"W-SCOPE CHUNGJU PLANT Co., Ltd.",더블유씨피,WCP,中,韓文社名為더블유씨피（WCP），沿用英文；忠州廠
韓股成交值排行,89,025860,Namhae Chemical Corporation,남해화학,南海化學,中,依漢字語還原
韓股成交值排行,90,192650,"Dreamtech Co., Ltd.",드림텍,Dreamtech,中,無中文譯名，沿用英文
韓股成交值排行,91,192410,ONEUL E&M co.Ltd.,오늘이엔엠,ONEUL E&M,中,오늘為固有語無漢字，沿用英文；前身휴림네트웍스
韓股成交值排行,92,483350,Dealicious Inc.,딜리셔스,Dealicious,中,無中文譯名，沿用英文
韓股成交值排行,93,365660,Lemon Healthcare Co.,레몬헬스케어,Lemon Healthcare,中,無中文譯名，沿用英文
韓股成交值排行,94,441270,"Fine M-Tec Co.,Ltd.",파인엠텍,Fine M-Tec,中,無中文譯名，沿用英文
韓股成交值排行,95,265740,NFC Corporation,엔에프씨,NFC,中,無中文譯名，沿用英文
韓股成交值排行,96,094480,GalaxiaMoneytree Co. Ltd,갤럭시아머니트리,GalaxiaMoneytree,中,無中文譯名，沿用英文
韓股成交值排行,97,289080,SV INVESTMENT Corp.,SV인베스트먼트,SV Investment,中,無中文譯名，沿用英文
韓股成交值排行,98,038500,SAMPYO Cement Co. Ltd.,삼표시멘트,三表水泥,高,台灣財經媒體慣用譯名（삼표＝三表）
韓股成交值排行,99,279570,"K Bank Co., Ltd.",케이뱅크,K Bank,高,台媒多沿用英文原名K Bank（韓國網路銀行）
韓股成交值排行,100,031330,"SAMT Co., Ltd.",에스에이엠티,SAMT,中,無中文譯名，沿用英文
韓股市值前50（補充）,1,005930,"Samsung Electronics Co., Ltd.",삼성전자,三星電子,高,
韓股市值前50（補充）,2,000660,SK hynix Inc.,SK하이닉스,SK海力士,高,
韓股市值前50（補充）,3,402340,"SK Square Co., Ltd.",SK스퀘어,SK Square,高,台灣媒體（工商時報等）直接用英文原名，未見通用中譯；為SK海力士母公司
韓股市值前50（補充）,4,009150,"Samsung Electro-Mechanics Co., Ltd",삼성전기,三星電機,高,MLCC大廠，工商時報／科技新報均用此名
韓股市值前50（補充）,5,005380,Hyundai Motor Company,현대자동차,現代汽車,高,
韓股市值前50（補充）,6,373220,LG Energy Solution Ltd.,LG에너지솔루션,LG新能源,中,鉅亨網現多用「LG新能源」，早期IPO時亦寫「LG能源解決方案」
韓股市值前50（補充）,7,207940,"SAMSUNG BIOLOGICS Co., Ltd.",삼성바이오로직스,三星生物製劑,高,亦簡稱「三星生物」
韓股市值前50（補充）,8,012450,"Hanwha Aerospace Co., Ltd.",한화에어로스페이스,韓華航太,高,中時、中央廣播電台用「韓華航太」；MoneyDJ作「韓華航空航太」
韓股市值前50（補充）,9,028260,SAMSUNG C&T CORP,삼성물산,三星物產,高,在台子公司名為「台灣國際三星物產」
韓股市值前50（補充）,10,105560,KB Financial Group Inc.,KB금융지주,KB金融集團,高,旗下為韓國國民銀行(KB Kookmin Bank)
韓股市值前50（補充）,11,034020,"Doosan Enerbility Co., Ltd.",두산에너빌리티,斗山能源,高,科技新報用「斗山能源」；舊稱斗山重工業
韓股市值前50（補充）,12,032830,"Samsung Life Insurance Co., Ltd.",삼성생명보험,三星生命保險,高,亦簡稱「三星生命」
韓股市值前50（補充）,13,055550,"Shinhan Financial Group Co., Ltd.",신한금융지주회사,新韓金融集團,高,旗下為新韓銀行
韓股市值前50（補充）,14,000270,Kia Corporation,기아,起亞汽車,高,台灣車界多直接寫Kia；舊名기아자동차
韓股市值前50（補充）,15,329180,"HD Hyundai Heavy Industries Co., Ltd.",HD현대중공업,HD現代重工業,高,大紀元等中文媒體用「HD現代重工業」
韓股市值前50（補充）,16,006400,"Samsung SDI Co., Ltd",삼성SDI,三星SDI,高,
韓股市值前50（補充）,17,068270,"Celltrion, Inc.",셀트리온,賽特瑞恩,高,中央社、工商時報用「賽特瑞恩」；亦常直接寫Celltrion
韓股市值前50（補充）,18,012330,"Hyundai Mobis Co., Ltd",현대모비스,現代摩比斯,高,
韓股市值前50（補充）,19,086790,Hana Financial Group Inc.,하나금융지주,韓亞金融集團,高,旗下韓亞銀行已在台設分行（鉅亨網）
韓股市值前50（補充）,20,066570,LG Electronics Inc.,LG전자,LG電子,高,在台法人名為「台灣樂金電器」
韓股市值前50（補充）,21,035420,NAVER Corp.,네이버,NAVER,高,台灣媒體慣用英文原名NAVER／Naver
韓股市值前50（補充）,22,010120,"LS Electric Co., Ltd.",LS일렉트릭,LS電氣,中,大紀元、台灣子公司均用「LS電氣」；舊稱LS產電
韓股市值前50（補充）,23,034730,SK Inc.,SK주식회사,SK,中,SK集團控股公司，台媒多寫「SK集團」或直接用SK Inc.
韓股市值前50（補充）,24,298040,Hyosung Heavy Industries Corp.,효성중공업,曉星重工,高,聯合新聞網、獨家報導用「曉星重工」
韓股市值前50（補充）,25,267260,HD Hyundai Electric,HD현대일렉트릭,HD現代電氣,中,韓文為外來語音譯，中文媒體多寫「HD現代電氣」或保留英文
韓股市值前50（補充）,26,010130,"Korea Zinc Co., Ltd.",고려아연,高麗鋅,高,
韓股市值前50（補充）,27,042660,"Hanwha Ocean Co., Ltd.",한화오션,韓華海洋,高,原大宇造船海洋，2023年改名
韓股市值前50（補充）,28,000810,"Samsung Fire & Marine Insurance Co., Ltd",삼성화재해상보험,三星火災海上保險,高,亦簡稱「三星火災」
韓股市值前50（補充）,29,009540,HD KOREA SHIPBUILDING & OFFSHORE ENGINEERING CO. LTD.,HD한국조선해양,HD韓國造船海洋,高,亦簡稱「韓國造船海洋」
韓股市值前50（補充）,30,005490,POSCO Holdings Inc.,POSCO홀딩스,浦項鋼鐵控股,高,鉅亨網美股頁面即用此名；亦作POSCO控股
韓股市值前50（補充）,31,316140,"Woori Financial Group, Inc.",우리금융지주,友利金融集團,高,MoneyDJ用「友利金融集團」
韓股市值前50（補充）,32,196170,ALTEOGEN Inc.,알테오젠,Alteogen,中,台灣生技媒體（GeneOnline等）直接用英文，尚無通用中譯
韓股市值前50（補充）,33,015760,Korea Electric Power Corporation,한국전력공사,韓國電力公社,高,簡稱韓電／KEPCO
韓股市值前50（補充）,34,042700,"Hanmi Semiconductor Co., Ltd",한미반도체,韓美半導體,高,鉅亨網用「韓美半導體」；HBM鍵合機大廠
韓股市值前50（補充）,35,017670,"SK Telecom Co., Ltd.",SK텔레콤,SK電訊,高,
韓股市值前50（補充）,36,051910,LG Chem Ltd.,LG화학,LG化學,高,在台法人名為「台灣樂金化學」
韓股市值前50（補充）,37,011200,"HMM CO.,LTD",HMM,HMM,高,台灣媒體慣用英文HMM；舊稱現代商船，維基作韓新遠洋船務
韓股市值前50（補充）,38,138040,Meritz Financial Group Inc.,메리츠금융지주,美瑞茲金融集團,中,MoneyDJ譯名；台灣新聞多直接寫Meritz
韓股市值前50（補充）,39,096770,"SK Innovation Co., Ltd",SK이노베이션,SK創新,高,自由財經、鉅亨網用「SK創新」
韓股市值前50（補充）,40,018260,"SAMSUNG SDS CO., LTD.",삼성에스디에스,三星SDS,高,
韓股市值前50（補充）,41,000150,Doosan Corporation,두산,斗山,中,斗山集團控股母公司，台媒多寫「斗山」或「斗山集團」
韓股市值前50（補充）,42,033780,KT & G Corporation,KT&G,KT&G,高,台灣媒體慣用英文KT&G；原韓國菸草人蔘公社，在台子公司名「大韓菸草」
韓股市值前50（補充）,43,010140,"Samsung Heavy Industries Co., Ltd",삼성중공업,三星重工業,高,亦作「三星重工」
韓股市值前50（補充）,44,278470,"APR Co.,Ltd.",에이피알,APR,高,台灣媒體慣用英文APR；旗下美容儀／美妝品牌 medicube（메디큐브）
韓股市值前50（補充）,45,010950,S-Oil Corporation,에쓰오일,S-Oil,高,台灣媒體慣用英文S-Oil；舊稱雙龍煉油
韓股市值前50（補充）,46,003550,LG Corp,LG,LG,高,LG集團控股公司，台灣媒體慣用英文LG；亦作樂金
韓股市值前50（補充）,47,024110,Industrial Bank Of Korea,IBK기업은행,韓國企業銀行,中,正式名為中小企業銀行，官方中文網用「韓國中小企業銀行」，簡稱IBK
韓股市值前50（補充）,48,003670,"POSCO FUTURE M CO., LTD.",포스코퓨처엠,浦項未來M,低,台灣媒體多直接用英文POSCO Future M；浦項控股旗下電池材料公司，原名浦項化學
韓股市值前50（補充）,49,006800,"MIRAE ASSET SECURITIES CO., LTD.",미래에셋증권,未來資產證券,高,在台法人名為「未來資產證券投資信託」
韓股市值前50（補充）,50,035720,Kakao Corp.,카카오,Kakao,高,台灣媒體慣用英文Kakao
