資料日期,開盤,最高,最低,收盤,漲跌,成交值,成交股數,外資買進,外資賣出,外資買賣超,投信買進,投信賣出,投信買賣超,自營買進,自營賣出,自營買賣超,合計買進,合計賣出,合計買賣超
2025-07-01 00:00:00,231.4,233.89,231.4,232.21,0.86,89760000000,781979000,19958492197,21077032693,-1118540496,3609519863,3845092398,-235572535,1602779178,1468108221,134670957,25170791238,26390233312,-1219442074
2025-07-02 00:00:00,232,233.48,231.83,232.92,0.71,87689000000,754408000,21838631134,20926873874,911757260,1829013609,3880960599,-2051946990,1336965936,1280862482,56103454,25004610679,26088696955,-1084086276
2025-07-03 00:00:00,233.13,235.31,233.13,234.6,1.68,93434000000,792050000,21679114369,21690628430,-11514061,5240272868,2046313583,3193959285,1803555650,1699477685,104077965,28722942887,25436419698,3286523189
2025-07-04 00:00:00,234.36,235.36,231.57,231.61,-2.99,103703000000,829715000,22055147397,23362888035,-1307740638,2078534510,1608320733,470213777,1550437944,2129550619,-579112675,25684119851,27100759387,-1416639536
2025-07-07 00:00:00,231.48,231.95,228.8,228.94,-2.67,82240000000,716556000,18454292890,20079377387,-1625084497,2322207375,2441250626,-119043251,1310430333,1358458351,-48028018,22086930598,23879086364,-1792155766
2025-07-08 00:00:00,228.68,228.68,226.44,228.22,-0.72,77848000000,722871000,20095565890,18821979075,1273586815,879893105,1378197317,-498304212,1292102620,1406462452,-114359832,22267561615,21606638844,660922771
2025-07-09 00:00:00,228.1,230.89,227.66,230.79,2.57,90461000000,752767000,21557648674,21679843437,-122194763,2642972632,944882400,1698090232,1928955833,1253447701,675508132,26129577139,23878173538,2251403601
2025-07-10 00:00:00,230.73,232.23,230.73,231.02,0.23,111450000000,893112000,24814411803,25183922841,-369511038,2221725348,959995628,1261729720,1927396992,1939070532,-11673540,28963534143,28082989001,880545142
2025-07-11 00:00:00,231.03,232.92,231.03,232.49,1.47,104676000000,920772000,24865847897,24145633280,720214617,1676140200,1311794303,364345897,1530297447,1797089671,-266792224,28072285544,27254517254,817768290
2025-07-14 00:00:00,232.36,232.62,230.58,230.59,-1.9,73293000000,682529000,18247168856,18875488754,-628319898,445718250,696712211,-250993961,1174353072,1550587517,-376234445,19867240178,21122788482,-1255548304
2025-07-15 00:00:00,230.51,232.44,230.51,232.32,1.73,101874000000,949446000,25323770389,23021971458,2301798931,919439845,1271665586,-352225741,1904721319,1630439728,274281591,28147931553,25924076772,2223854781
2025-07-16 00:00:00,232.14,234.15,232.14,232.86,0.54,115831000000,1094926000,28368561368,27640131385,728429983,1108420200,1918607393,-810187193,2157739147,2259672912,-101933765,31634720715,31818411690,-183690975
2025-07-17 00:00:00,232.59,235.79,232.59,235.66,2.8,98886000000,1026275000,24392847285,21633164151,2759683134,573149598,1345615863,-772466265,2018909735,1485926776,532982959,26984906618,24464706790,2520199828
2025-07-18 00:00:00,235.94,237.59,235.08,235.29,-0.37,105064000000,1029107000,21337860128,24422787872,-3084927744,2198857061,1299444093,899412968,1719672171,1824002654,-104330483,25256389360,27546234619,-2289845259
2025-07-21 00:00:00,235.17,235.86,234.52,234.59,-0.7,85466000000,741483000,18229025256,18802428484,-573403228,1422849455,4133769743,-2710920288,1731083338,1495074682,236008656,21382958049,24431272909,-3048314860
2025-07-22 00:00:00,234.51,235.17,228.76,228.76,-5.83,113458000000,1099600000,24267706665,26780633129,-2512926464,1594957737,2281953601,-686995864,1768312987,2871898865,-1103585878,27630977389,31934485595,-4303508206
2025-07-23 00:00:00,228.89,232.16,228.89,232.16,3.4,77441000000,731105000,20491720514,20274386711,217333803,525767050,2418199266,-1892432216,1764923959,1339070299,425853660,22782411523,24031656276,-1249244753
2025-07-24 00:00:00,232.05,233.45,231.67,232.93,0.77,83419000000,800820000,19429191263,20003206596,-574015333,671684938,1263988331,-592303393,1607887995,1441880719,166007276,21708764196,22709075646,-1000311450
2025-07-25 00:00:00,232.88,233.5,232.04,232.77,-0.16,73332000000,704754000,17875901363,17443814843,432086520,669521500,2078705391,-1409183891,1340388696,1094616183,245772513,19885811559,20617136417,-731324858
2025-07-28 00:00:00,232.92,234.16,232.02,233.45,0.68,84481000000,820575000,19480155180,18789393701,690761479,1029342300,2040382155,-1011039855,2029495903,1387797175,641698728,22538993383,22217573031,321420352
2025-07-29 00:00:00,233.39,233.81,230.8,231.16,-2.29,88735000000,858045000,19274965612,23039471967,-3764506355,1348565458,1947445900,-598880442,1603431162,2071170641,-467739479,22226962232,27058088508,-4831126276
2025-07-30 00:00:00,231.34,232.38,230.36,231.45,0.29,87214000000,908784000,21674187263,22044972032,-370784769,745140156,1426936048,-681795892,1681276819,1520069437,161207382,24100604238,24991977517,-891373279
2025-07-31 00:00:00,231.56,232.91,231.56,232,0.55,110283000000,1081978000,27575750104,24739999319,2835750785,1847629200,1229353910,618275290,2108107415,1767530455,340576960,31531486719,27736883684,3794603035
2025-08-01 00:00:00,231.39,234.03,228.4,234.03,2.03,106936000000,1136314000,25383791186,26269110365,-885319179,1297856110,1100263231,197592879,2056074789,1522295270,533779519,28737722085,28891668866,-153946781
2025-08-04 00:00:00,233.75,233.95,231.78,233.87,-0.16,90336000000,1058192000,20468646389,22304337709,-1835691320,1321445056,1376341056,-54896000,1612130968,1860539860,-248408892,23402222413,25541218625,-2138996212
2025-08-05 00:00:00,234.24,237.38,234.24,237.03,3.16,105732000000,1128142000,25155302978,24542091527,613211451,1601738765,1321471635,280267130,1979966279,1536223986,443742293,28737008022,27399787148,1337220874
2025-08-06 00:00:00,236.97,237.23,236.05,236.05,-0.98,104212000000,979960000,23305554635,25731338350,-2425783715,1103192586,2712355067,-1609162481,2082272692,2053886759,28385933,26491019913,30497580176,-4006560263
2025-08-07 00:00:00,236.45,240.12,236.45,239.54,3.49,139342000000,1153881000,32744511195,30624278420,2120232775,2077955700,1021897252,1056058448,2879552286,2057465979,822086307,37702019181,33703641651,3998377530
2025-08-08 00:00:00,239.59,241.29,239.59,239.79,0.25,139065000000,1219053000,32466137765,30858997845,1607139920,1019691988,1372918638,-353226650,2727636737,2632730838,94905899,36213466490,34864647321,1348819169
2025-08-11 00:00:00,239.81,240.3,238.79,240.2,0.41,125208000000,1181900000,30248624726,30809549554,-560924828,1729282098,1933602309,-204320211,2377498830,2205454823,172044007,34355405654,34948606686,-593201032
2025-08-12 00:00:00,240.32,242.47,240.32,242.36,2.16,148533000000,1420984000,33760034404,32122304340,1637730064,1803982660,876679114,927303546,2886720525,2171913503,714807022,38450737589,35170896957,3279840632
2025-08-13 00:00:00,242.77,246.09,242.13,243.33,0.97,178211000000,1676055000,42830339338,40018888870,2811450468,1760904945,980416141,780488804,3666395829,3435570033,230825796,48257640112,44434875044,3822765068
2025-08-14 00:00:00,243.65,245.94,243.65,245.53,2.2,147721000000,1282870000,34065511048,32857384435,1208126613,1610761514,1937996003,-327234489,3636081626,1885677440,1750404186,39312354188,36681057878,2631296310
2025-08-15 00:00:00,245.68,246.63,244.35,246.07,0.54,166758000000,1381089000,35005442573,35287031902,-281589329,1450734476,1567423582,-116689106,4237183599,2855057809,1382125790,40693360648,39709513293,983847355
2025-08-18 00:00:00,246.01,248.55,246.01,248.34,2.27,160852000000,1327504000,33981369255,41044330828,-7062961573,1770209870,1186165692,584044178,3419719689,2839178959,580540730,39171298814,45069675479,-5898376665
2025-08-19 00:00:00,248.51,249.93,246.43,246.97,-1.37,159386000000,1242701000,37446209422,39973786196,-2527576774,2639671200,1492905466,1146765734,3410258632,3501227282,-90968650,43496139254,44967918944,-1471779690
2025-08-20 00:00:00,246.73,246.73,241.04,241.32,-5.65,133777000000,1111183000,32882381930,38970313726,-6087931796,2312265700,1309438208,1002827492,3428282517,4614060105,-1185777588,38622930147,44893812039,-6270881892
2025-08-21 00:00:00,241.77,246.94,241.77,245.68,4.36,118294000000,1053720000,26552636237,30048277321,-3495641084,3726662758,650857568,3075805190,2816896666,2205344013,611552653,33096195661,32904478902,191716759
2025-08-22 00:00:00,245.59,246.97,244.07,244.14,-1.54,116633000000,998667000,23238250962,28347901003,-5109650041,2502162000,765437830,1736724170,2102014282,2222726884,-120712602,27842427244,31336065717,-3493638473
2025-08-25 00:00:00,244.96,248.55,244.96,247.48,3.34,108654000000,861535000,26883115026,26609071616,274043410,1749654670,1363737324,385917346,2862525406,1840861492,1021663914,31495295102,29813670432,1681624670
2025-08-26 00:00:00,247.47,250.28,247.4,250.28,2.8,118249000000,954458000,31754358828,30803987000,950371828,2105056027,829552119,1275503908,3261000601,2043971388,1217029213,37120415456,33677510507,3442904949
2025-08-27 00:00:00,250.67,254.19,250.67,253.83,3.55,136744000000,1067171000,30554943359,30544438928,10504431,2189037281,937979388,1251057893,3576759243,2304031695,1272727548,36320739883,33786450011,2534289872
2025-08-28 00:00:00,253.84,255.35,253.35,253.99,0.16,151021000000,1155387000,32106380495,35485665697,-3379285202,1489065249,730142550,758922699,2948710109,2954300395,-5590286,36544155853,39170108642,-2625952789
2025-08-29 00:00:00,254.52,256.69,254.52,255,1.01,150044000000,1172483000,33705577249,35584645311,-1879068062,1494313393,1117625830,376687563,3528646817,2874562119,654084698,38728537459,39576833260,-848295801
2025-09-01 00:00:00,254.99,256.75,250.4,252.37,-2.63,143997000000,1072267000,31449347483,37100735242,-5651387759,4159559849,917355574,3242204275,2760238658,4691273576,-1931034918,38369145990,42709364392,-4340218402
2025-09-02 00:00:00,252.67,254.79,248.75,251.05,-1.32,155664000000,1234124000,32557117743,36852873683,-4295755940,4716141819,2148619557,2567522262,2855353997,3940851908,-1085497911,40128613559,42942345148,-2813731589
2025-09-03 00:00:00,251.27,254.2,251.27,253.85,2.8,147813000000,1128079000,32457185946,31985086239,472099707,2332891284,975481664,1357409620,3117278083,2482336001,634942082,37907355313,35442903904,2464451409
2025-09-04 00:00:00,254.26,256.86,254.18,254.18,0.33,149738000000,1267440000,35398635052,36156097944,-757462892,2213030754,337069358,1875961396,3028950501,2884015742,144934759,40640616307,39377183044,1263433263
2025-09-05 00:00:00,254.76,258.06,254.76,258.03,3.85,148095000000,1136577000,35891368731,31811898319,4079470412,4473031496,820918229,3652113267,3766209984,1968957032,1797252952,44130610211,34601773580,9528836631
2025-09-08 00:00:00,258.68,260.81,258.68,259.78,1.75,161489000000,1185219000,39407516554,38124045214,1283471340,3160798018,1086790730,2074007288,3498537327,4082967570,-584430243,46066851899,43293803514,2773048385
2025-09-09 00:00:00,260.18,261.29,258.95,259.6,-0.18,155923000000,1203605000,37100824338,37171349923,-70525585,1905047750,1660075342,244972408,3105586260,3452769373,-347183113,42111458348,42284194638,-172736290
2025-09-10 00:00:00,259.95,261.6,259.95,260.73,1.13,165670000000,1265706000,34549314142,37738312001,-3188997859,1611725200,2258813180,-647087980,4029904265,3551426404,478477861,40190943607,43548551585,-3357607978
2025-09-11 00:00:00,260.88,262.26,256.58,256.58,-4.15,163636000000,1288922000,39542807291,37630958649,1911848642,1785829900,1944279310,-158449410,3455034129,4705542161,-1250508032,44783671320,44280780120,502891200
2025-09-12 00:00:00,256.91,259.8,256.91,258.09,1.51,150004000000,1051064000,35570255311,35235474460,334780851,1634632445,1967590344,-332957899,4248704618,4035473827,213230791,41453592374,41238538631,215053743
2025-09-15 00:00:00,258.11,259.14,254.72,255.82,-2.27,136783000000,1008878000,36142709525,35007339559,1135369966,2153824616,3921158003,-1767333387,3208531149,4286313093,-1077781944,41505065290,43214810655,-1709745365
2025-09-16 00:00:00,256.11,259.41,256.11,259.33,3.51,138628000000,1127455000,35313746517,34976344313,337402204,3136619003,3306824737,-170205734,3341079664,3026908482,314171182,41791445184,41310077532,481367652
2025-09-17 00:00:00,259.29,260.75,257.76,257.89,-1.44,142960000000,1105843000,37774416794,34164283016,3610133778,2000049750,3724947024,-1724897274,3019803440,4166765358,-1146961918,42794269984,42055995398,738274586
2025-09-18 00:00:00,258.09,262.77,258.09,262.45,4.56,157132000000,1177885000,37340114111,35994575315,1345538796,2137971591,2083298979,54672612,6038478107,2399307817,3639170290,45516563809,40477182111,5039381698
2025-09-19 00:00:00,262.66,264.54,262.66,263.28,0.83,165471000000,1181943000,46894011362,46992943912,-98932550,2708193353,1389641739,1318551614,4142440428,4266085247,-123644819,53744645143,52648670898,1095974245
2025-09-22 00:00:00,263.43,266.05,263.43,266.05,2.77,154165000000,1091741000,39418734065,36035643910,3383090155,1899113760,1113554608,785559152,5034015423,3094314212,1939701211,46351863248,40243512730,6108350518
2025-09-23 00:00:00,266.47,268.26,265.54,265.54,-0.51,165717000000,1168778000,39144406028,39330907093,-186501065,2159720400,1582213585,577506815,3515896282,4188213405,-672317123,44820022710,45101334083,-281311373
2025-09-24 00:00:00,265.62,266.31,262.61,264.87,-0.67,148030000000,1095799000,36475261788,37594021942,-1118760154,1538911747,1703815029,-164903282,3683625664,3869939392,-186313728,41697799199,43167776363,-1469977164
2025-09-25 00:00:00,264.75,266.82,263.04,263.13,-1.74,137962000000,1089718000,29578378190,36445139976,-6866761786,2072048373,1480987219,591061154,2516549888,3419127215,-902577327,34166976451,41345254410,-7178277959
2025-09-26 00:00:00,262.94,262.94,255.71,257.03,-6.1,121275000000,1005498000,31494500222,31553035908,-58535686,462109700,1715563548,-1253453848,1930842818,3788973562,-1858130744,33887452740,37057573018,-3170120278
2025-09-30 00:00:00,257.24,261.52,257.24,261.52,4.49,103736000000,806560000,27911733911,27787001487,124732424,1937137687,907539571,1029598116,2522524358,1836672032,685852326,32371395956,30531213090,1840182866
2025-10-01 00:00:00,261.86,263.97,261.38,261.47,-0.05,118762000000,963966000,26125281513,29619993616,-3494712103,1471198686,1464735506,6463180,2855736076,2407422146,448313930,30452216275,33492151268,-3039934993
2025-10-02 00:00:00,262.07,265.25,262.07,262.94,1.47,129608000000,939811000,30292555488,32721159574,-2428604086,2905026550,2308722637,596303913,3598843272,3417628188,181215084,36796425310,38447510399,-1651085089
2025-10-03 00:00:00,262.75,264.43,262.75,263.66,0.72,116434000000,924939000,28381700436,27152729558,1228970878,2012602239,1835087123,177515116,2988671354,2331402355,657268999,33382974029,31319219036,2063754993
2025-10-07 00:00:00,264.14,266.11,264.14,264.85,1.19,148831000000,1060642000,38411397435,38128292180,283105255,2618637425,3072917135,-454279710,4107720802,3056094943,1051625859,45137755662,44257304258,880451404
2025-10-08 00:00:00,264.93,265.53,263.2,265.35,0.5,132486000000,1032394000,33737082264,31644596586,2092485678,837164250,1715235070,-878070820,2954131646,3220682131,-266550485,37528378160,36580513787,947864373
2025-10-09 00:00:00,265.64,267.81,264.9,265.15,-0.2,123387000000,931820000,31641517631,31542707106,98810525,1233038036,1131872842,101165194,2628873575,3517048880,-888175305,35503429242,36191628828,-688199586
2025-10-13 00:00:00,263.76,263.76,256.1,261.36,-3.79,117743000000,878033000,36637885216,35295410311,1342474905,457879352,1596034133,-1138154781,2874953550,3816684769,-941731219,39970718118,40708129213,-737411095
2025-10-14 00:00:00,262.33,265.64,255.58,255.58,-5.78,152935000000,1097705000,40066697995,40665109470,-598411475,1764107277,1461912528,302194749,3486591155,6142440964,-2655849809,45317396427,48269462962,-2952066535
2025-10-15 00:00:00,256.26,260.56,256.26,260.56,4.98,120653000000,817269000,34973565897,32514853486,2458712411,1315317559,1319983045,-4665486,3573052369,3117896100,455156269,39861935825,36952732631,2909203194
2025-10-16 00:00:00,261.02,265.22,261.02,263.52,2.96,128018000000,923844000,34429731589,34023216070,406515519,2661740700,1119615258,1542125442,3073047827,2812698640,260349187,40164520116,37955529968,2208990148
2025-10-17 00:00:00,263.2,263.2,261.12,261.28,-2.24,94041000000,715698000,23095541998,29235667223,-6140125225,951505150,1829041363,-877536213,2542802836,3191034076,-648231240,26589849984,34255742662,-7665892678
2025-10-20 00:00:00,261.6,264.16,261.6,263.25,1.97,107517000000,891603000,25587848549,28409808594,-2821960045,2768094703,1602140194,1165954509,2812225877,1877707096,934518781,31168169129,31889655884,-721486755
2025-10-21 00:00:00,263.63,266.95,263.63,265.85,2.6,119713000000,1074592000,29236375234,28344142081,892233153,1318305800,2089097712,-770791912,3337635883,2182107613,1155528270,33892316917,32615347406,1276969511
2025-10-22 00:00:00,265.74,266.26,264.21,264.47,-1.38,106545000000,1037971000,24195070140,27264111985,-3069041845,1081973500,1791812771,-709839271,2299459781,2197727939,101731842,27576503421,31253652695,-3677149274
2025-10-23 00:00:00,264.16,264.16,262.1,262.72,-1.75,94411000000,897748000,20967757767,24504472049,-3536714282,767340720,1784758486,-1017417766,1966752003,2119704265,-152952262,23701850490,28408934800,-4707084310
2025-10-27 00:00:00,263.77,267.64,263.77,264.71,1.99,109507000000,958041000,27936566108,27532513005,404053103,1332556600,1932778675,-600222075,3190325468,1785169318,1405156150,32459448176,31250460998,1208987178
2025-10-28 00:00:00,264.81,265.83,263.25,264.19,-0.52,143944000000,1008292000,38148837881,33019073325,5129764556,3373353080,2600704115,772648965,4317139506,3114431477,1202708029,45839330467,38734208917,7105121550
2025-10-29 00:00:00,264.41,266.59,264.08,264.08,-0.11,133082000000,1016940000,31730137153,32715565009,-985427856,2510230010,1924632157,585597853,3389850367,3310906020,78944347,37630217530,37951103186,-320885656
2025-10-30 00:00:00,264.29,265.7,260.36,262.02,-2.06,142880000000,967152000,37575144502,37563713830,11430672,2223468500,2151161514,72306986,4138307163,3821160711,317146452,43936920165,43536036055,400884110
2025-10-31 00:00:00,262.17,264.77,262.17,264.31,2.29,131868000000,930358000,38288250115,32921778188,5366471927,1505203390,2121800469,-616597079,4212173803,2430834538,1781339265,44005627308,37474413195,6531214113
2025-11-03 00:00:00,264.48,266.33,264.48,265.68,1.37,115094000000,889144000,29982798573,29637019005,345779568,1048207300,1964782793,-916575493,3331084111,2368395302,962688809,34362089984,33970197100,391892884
2025-11-04 00:00:00,265.83,267.22,261,261,-4.68,132710000000,1038626000,33824543339,35166737293,-1342193954,2393756789,2244486914,149269875,3092905525,3684987568,-592082043,39311205653,41096211775,-1785006122
2025-11-05 00:00:00,260.17,260.17,254.53,259.11,-1.89,131375000000,992474000,36892572451,40487058283,-3594485832,2479859665,2053346424,426513241,3763858780,5171849823,-1407991043,43136290896,47712254530,-4575963634
2025-11-06 00:00:00,259.83,262.27,259.83,262.11,3,130484000000,979123000,34749270313,37429153975,-2679883662,2586710781,1366370012,1220340769,3445562860,3431458151,14104709,40781543954,42226982138,-1445438184
2025-11-07 00:00:00,261.99,261.99,258.07,258.86,-3.25,106910000000,809439000,28191006647,31377635809,-3186629162,1384187253,616829242,767358011,2336907423,2975604152,-638696729,31912101323,34970069203,-3057967880
2025-11-10 00:00:00,258.87,260.07,255.9,257.26,-1.6,106229000000,920889000,27808836203,29729674934,-1920838731,1082279988,1297225846,-214945858,2832947826,2262302976,570644850,31724064017,33289203756,-1565139739
2025-11-11 00:00:00,257.54,259.9,256.61,256.7,-0.56,126957000000,1061942000,33843413516,33101296484,742117032,1064505419,3198385616,-2133880197,3229573181,3236525632,-6952451,38137492116,39536207732,-1398715616
2025-11-12 00:00:00,257.1,259.73,257.1,258.82,2.12,126133000000,1080483000,35983457074,33836178026,2147279048,2182385660,1869796619,312589041,3472543026,2573239580,899303446,41638385760,38279214225,3359171535
2025-11-13 00:00:00,259.1,261.08,258.87,260.3,1.48,157055000000,1305859000,44108317900,41460341025,2647976875,1823096476,866266119,956830357,3116561843,4872086038,-1755524195,49047976219,47198693182,1849283037
2025-11-14 00:00:00,259.78,259.78,256.25,256.25,-4.05,117817000000,986022000,32777676662,32552086552,225590110,1303406600,1400342989,-96936389,2298939497,3985238293,-1686298796,36380022759,37937667834,-1557645075
2025-11-17 00:00:00,256.53,259.41,255.93,255.96,-0.29,124916000000,942641000,36520603361,36650944394,-130341033,2798405250,1127111497,1671293753,2452417937,3212706655,-760288718,41771426548,40990762546,780664002
2025-11-18 00:00:00,255.63,256.25,249.67,250.06,-5.9,128937000000,964707000,38966612023,39593756287,-627144264,4151003424,2621766424,1529237000,2354438503,5261682047,-2907243544,45472053950,47477204758,-2005150808
2025-11-19 00:00:00,249.7,250.57,246.51,246.7,-3.36,105283000000,847924000,31236142811,32775765008,-1539622197,3842498127,4197236014,-354737887,2198642597,5130287492,-2931644895,37277283535,42103288514,-4826004979
2025-11-20 00:00:00,247.71,254.19,247.71,252.95,6.25,119584000000,847005000,35119595586,32841125752,2278469834,4955652957,3064955080,1890697877,3279372630,2468126190,811246440,43354621173,38374207022,4980414151
2025-11-21 00:00:00,251.63,251.63,244.74,245.97,-6.98,119891000000,985533000,33732715627,37393439849,-3660724222,4220084700,1079783948,3140300752,2659115936,3799602841,-1140486905,40611916263,42272826638,-1660910375
2025-11-24 00:00:00,246.81,250.34,246.81,250.34,4.37,139660000000,901300000,56143735021,56269991939,-126256918,4883995170,1981212261,2902782909,2683633784,2728618367,-44984583,63711363975,60979822567,2731541408
2025-11-25 00:00:00,251.45,255.56,251.45,254.4,4.06,134014000000,870549000,36385682499,37423065043,-1037382544,4086127720,1369069509,2717058211,3643250166,3377471167,265778999,44115060385,42169605719,1945454666
2025-11-26 00:00:00,254.83,257.77,254.83,256.14,1.74,124292000000,911211000,34434077403,33542021798,892055605,1444463748,1658978279,-214514531,3320944895,2524991335,795953560,39199486046,37725991412,1473494634
2025-11-27 00:00:00,256.57,258.77,256.57,258.24,2.1,130994000000,910564000,36387259557,31264334969,5122924588,1949923399,1397348465,552574934,2803493292,2006238935,797254357,41140676248,34667922369,6472753879
2025-11-28 00:00:00,258.51,262.84,258.51,262.28,4.04,135378000000,946622000,37016527190,35376334892,1640192298,2194349700,1252749661,941600039,3752965807,2354034486,1398931321,42963842697,38983119039,3980723658
2025-12-01 00:00:00,262.2,263.25,259.6,259.72,-2.56,122479000000,800138000,29994237795,37470316797,-7476079002,2269849873,2501773471,-231923598,2722229437,3057433936,-335204499,34986317105,43029524204,-8043207099
2025-12-02 00:00:00,259.81,261.23,259.13,259.13,-0.59,110970000000,822019000,30053830524,32438376995,-2384546471,1375548600,1570905186,-195356586,2503770738,2237677400,266093338,33933149862,36246959581,-2313809719
2025-12-03 00:00:00,259.47,261.92,259.47,260.55,1.42,121924000000,1025210000,30430141538,33557836383,-3127694845,703113350,670472869,32640481,2585998461,1904516600,681481861,33719253349,36132825852,-2413572503
2025-12-04 00:00:00,260.56,261.75,259.46,259.86,-0.69,115138000000,987068000,29668227290,33443755455,-3775528165,892990600,1653370258,-760379658,2606724420,2516488205,90236215,33167942310,37613613918,-4445671608
2025-12-05 00:00:00,260.09,261.58,259.68,260.65,0.79,82112000000,664144000,21844233069,23616894295,-1772661226,1441462898,1157256672,284206226,2235124469,1844600673,390523796,25520820436,26618751640,-1097931204
2025-12-08 00:00:00,261.19,262.52,261.13,262.37,1.72,99561000000,786019000,25978179552,26625214926,-647035374,1804282049,1156767238,647514811,2672219892,1719488544,952731348,30454681493,29501470708,953210785
2025-12-09 00:00:00,262.64,264.19,262.64,264.19,1.82,117765000000,883751000,30612460628,30584021007,28439621,1724253188,983868577,740384611,3028603123,1981252476,1047350647,35365316939,33549142060,1816174879
2025-12-10 00:00:00,264.48,265.16,264.15,264.67,0.48,148039000000,1037941000,35387996700,37139961921,-1751965221,3006023041,444294042,2561728999,3616619372,3190070350,426549022,42010639113,40774326313,1236312800
2025-12-11 00:00:00,265.01,267.2,263.98,263.98,-0.69,166134000000,1103923000,41983094139,37928713496,4054380643,2370542431,1288319768,1082222663,3086421445,3924810836,-838389391,47440058015,43141844100,4298213915
2025-12-12 00:00:00,264.24,266.64,264.24,265.37,1.39,133102000000,890662000,32018177680,35548163394,-3529985714,2295316200,737184633,1558131567,3362001149,2762375295,599625854,37675495029,39047723322,-1372228293
2025-12-15 00:00:00,264.89,265.82,261.92,265.16,-0.21,108261000000,695791000,28789229396,34116142135,-5326912739,2195574400,1299334977,896239423,3268297200,2981439340,286857860,34253100996,38396916452,-4143815456
2025-12-16 00:00:00,265.13,265.67,257.95,260.24,-4.92,141582000000,980129000,32885575685,41350518089,-8464942404,1800951694,4231937745,-2430986051,2966739285,5815237959,-2848498674,37653266664,51397693793,-13744427129
2025-12-17 00:00:00,260.47,263.49,260.47,261.45,1.21,117962000000,948858000,34807935261,31637009127,3170926134,3936714800,4541883552,-605168752,3325705564,3393503345,-67797781,42070355625,39572396024,2497959601
2025-12-18 00:00:00,261.3,261.54,259.15,259.39,-2.06,100514000000,806957000,27976827699,29897569125,-1920741426,3240259550,3550125737,-309866187,2760893528,1880828046,880065482,33977980777,35328522908,-1350542131
2025-12-19 00:00:00,259.93,263.01,259.93,262.64,3.25,115966000000,847365000,34565627467,30850916208,3714711259,4218508762,3016695500,1201813262,2354414028,1615457912,738956116,41138550257,35483069620,5655480637
2025-12-22 00:00:00,263.31,266.85,263.31,266.85,4.21,119845000000,881536000,34610402793,26238558960,8371843833,4985575994,3812845105,1172730889,3708782454,1603176992,2105605462,43304761241,31654581057,11650180184
2025-12-23 00:00:00,267.2,268.85,267.2,267.76,0.91,135024000000,1066523000,32836335517,31085055419,1751280098,2937640682,3346725287,-409084605,3590414248,2438634820,1151779428,39364390447,36870415526,2493974921
2025-12-24 00:00:00,268.21,270.25,268.21,269.75,1.99,143232000000,1148523000,36899088800,30034671387,6864417413,3449117890,3131679973,317437917,3659342838,2153398800,1505944038,44007549528,35319750160,8687799368
2025-12-26 00:00:00,270.09,272.27,270.09,271.5,1.75,130424000000,993601000,31012230404,31319150672,-306920268,3221055108,4500200399,-1279145291,2993922876,1969411341,1024511535,37227208388,37788762412,-561554024
2025-12-29 00:00:00,271.75,273.65,271.75,272.82,1.32,136972000000,1191402000,33393090534,33092665826,300424708,3944109193,2377624381,1566484812,2996273369,1991485263,1004788106,40333473096,37461775470,2871697626
2025-12-30 00:00:00,272.73,274.7,271.97,274.54,1.72,131597000000,1133125000,31777266528,34906570357,-3129303829,4277461249,2608119007,1669342242,3477287843,2678161200,799126643,39532015620,40192850564,-660834944
2025-12-31 00:00:00,274.74,277.36,274.74,276.24,1.7,151020000000,1032061000,35670031931,35400241020,269790911,4585585974,2430740065,2154845909,4317805020,3140135248,1177669772,44573422925,40971116333,3602306592
2026-01-02 00:00:00,276.64,278.8,276.64,278.03,1.79,161877000000,1157414000,35976179675,38027668339,-2051488664,6766661209,4076713688,2689947521,5483251433,3021939754,2461311679,48226092317,45126321781,3099770536
2026-01-05 00:00:00,278.74,281,275.44,275.66,-2.37,169569000000,1203896000,41844986380,47093204800,-5248218420,5254628450,4081287960,1173340490,4721426947,3880962090,840464857,51821041777,55055454850,-3234413073
2026-01-06 00:00:00,276.03,279.79,276.03,278.97,3.31,157227000000,1101782000,41919614652,43540854243,-1621239591,5089495416,3800223556,1289271860,5120874081,3203332965,1917541116,52129984149,50544410764,1585573385
2026-01-07 00:00:00,279.3,282.81,279.3,281.44,2.47,150005000000,1070403000,40433067801,41072171398,-639103597,4896915760,3511274386,1385641374,4502056465,3134763556,1367292909,49832040026,47718209340,2113830686
2026-01-08 00:00:00,281.65,283.91,279.91,280.06,-1.38,155180000000,1205142000,42879300736,42058934953,820365783,3215121900,2155955095,1059166805,3122808302,4120652214,-997843912,49217230938,48335542262,881688676
2026-01-09 00:00:00,280.54,280.85,275.67,279.85,-0.21,149946000000,1195415000,39383250710,41572157345,-2188906635,1841830600,2838881024,-997050424,3650072053,3916451889,-266379836,44875153363,48327490258,-3452336895
2026-01-12 00:00:00,280.9,286.57,280.9,286.57,6.72,154801000000,1228552000,38062385102,40561751802,-2499366700,2598121725,3377108680,-778986955,4135558663,3067418079,1068140584,44796065490,47006278561,-2210213071
2026-01-13 00:00:00,286.9,288.94,282.51,285.36,-1.21,167417000000,1314674000,43769141847,43987954379,-218812532,3035057980,3146141464,-111083484,3384977006,4748910750,-1363933744,50189176833,51883006593,-1693829760
2026-01-14 00:00:00,286.15,291.06,286.15,290.6,5.24,159337000000,1347033000,42137267111,37849390833,4287876278,4054295550,2710229442,1344066108,3495259923,2775597030,719662893,49686822584,43335217305,6351605279
2026-01-15 00:00:00,290.75,291.67,289.62,291.16,0.56,152060000000,1453419000,37805597257,39415055356,-1609458099,1476866950,2353022016,-876155066,2655062046,3404303485,-749241439,41937526253,45172380857,-3234854604
2026-01-16 00:00:00,292.16,294.77,291.41,292.78,1.62,167950000000,1445506000,38386575508,44186700468,-5800124960,2812036956,3109929188,-297892232,3308303764,3617100968,-308797204,44506916228,50913730624,-6406814396
2026-01-19 00:00:00,293.34,295.6,293.34,295.11,2.33,153385000000,1335993000,36637454045,37429992211,-792538166,2411390050,1973109337,438280713,3306748885,3329324854,-22575969,42355592980,42732426402,-376833422
2026-01-20 00:00:00,294.48,298.02,292.89,297.61,2.5,185592000000,1605457000,50083433347,45910496544,4172936803,3569598002,2906550762,663047240,3908940720,3599729959,309210761,57561972069,52416777265,5145194804
2026-01-21 00:00:00,297.28,299.18,292.5,293.16,-4.45,226798000000,1585970000,62429278863,63059818254,-630539391,6972577077,3734569879,3238007198,5164432232,8717789312,-3553357080,74566288172,75512177445,-945889273
2026-01-22 00:00:00,294.73,300.7,294.73,297.82,4.66,202722000000,1512871000,58942750136,54794369155,4148380981,5184877050,2295592755,2889284295,4432801445,3552981911,879819534,68560428631,60642943821,7917484810
2026-01-23 00:00:00,298.73,301.16,297.23,299.26,1.44,175153000000,1337438000,51070454466,46327452054,4743002412,3270159563,2914185934,355973629,3439196121,3499234711,-60038590,57779810150,52740872699,5038937451
2026-01-26 00:00:00,299.88,302.76,299.88,302.65,3.39,154933000000,1120591000,45126257349,43228297998,1897959351,2360274210,2991073102,-630798892,3392182550,3216792676,175389874,50878714109,49436163776,1442550333
2026-01-27 00:00:00,303.55,306.09,303.55,305.26,2.61,188512000000,1282513000,50745377407,50461195408,284181999,2750375961,2011808232,738567729,4164565003,4103361229,61203774,57660318371,56576364869,1083953502
2026-01-28 00:00:00,306.45,310.12,306.45,309.28,4.02,223784000000,1402902000,63307623274,61037380251,2270243023,6324062242,3068456770,3255605472,4697093921,4401974767,295119154,74328779437,68507811788,5820967649
2026-01-29 00:00:00,309.23,311.68,304.24,305.48,-3.8,223178000000,1380706000,60782349129,64826496172,-4044147043,4358810800,2581115829,1777694971,3920085621,6643132380,-2723046759,69061245550,74050744381,-4989498831
2026-01-30 00:00:00,305.23,305.42,299.29,300.78,-4.7,176454000000,1092137000,53635598371,55984596438,-2348998067,2995384510,3226133900,-230749390,3855012730,4310459497,-455446767,60485995611,63521189835,-3035194224
2026-02-02 00:00:00,299.68,299.68,292.44,294.32,-6.46,148135000000,914612000,47856867313,48302030354,-445163041,2468420555,3357210633,-888790078,3270067313,4812787577,-1542720264,53595355181,56472028564,-2876673383
2026-02-03 00:00:00,295.49,301.35,294.13,298.26,3.94,182391000000,969354000,58708301405,53486395637,5221905768,2868704304,3692455934,-823751630,5200605526,6357656991,-1157051465,66777611235,63536508562,3241102673
2026-02-04 00:00:00,298.07,301.52,296.57,301.52,3.26,143544000000,861503000,43578364131,41296498584,2281865547,2851195342,3625877150,-774681808,3813934510,3005294207,808640303,50243493983,47927669941,2315824042
2026-02-05 00:00:00,301.07,302.62,296.01,296.36,-5.16,156282000000,1020067000,47883690811,48902814202,-1019123391,2920773073,2447473083,473299990,3120283448,3703401041,-583117593,53924747332,55053688326,-1128940994
2026-02-06 00:00:00,295.93,295.93,285.03,290.72,-5.64,162113000000,929241000,48452401899,56938836094,-8486434195,2415551349,2234494964,181056385,3998028050,5800806050,-1802778000,54865981298,64974137108,-10108155810
2026-02-09 00:00:00,291.94,299.13,291.94,296.62,5.9,145712000000,862777000,46221043900,40130102584,6090941316,2264364654,1812270462,452094192,3746235532,3085076888,661158644,52231644086,45027449934,7204194152
2026-02-10 00:00:00,297.06,299.47,295.55,296.52,-0.1,145736000000,849689000,43607578943,41388682284,2218896659,1714983394,4338011302,-2623027908,2629448163,4113594137,-1484145974,47952010500,49840287723,-1888277223
2026-02-11 00:00:00,296.48,298,295.64,297.71,1.19,121925000000,770841000,37723162536,34195644662,3527517874,548268000,2441744878,-1893476878,2507392219,3432500171,-925107952,40778822755,40069889711,708933044
2026-02-23 00:00:00,298.47,305.07,298.47,303.83,6.12,158390000000,963468000,56630729714,45181770122,11448959592,2758027405,3917908250,-1159880845,6045926637,7479020175,-1433093538,65434683756,56578698547,8855985209
2026-02-24 00:00:00,303.96,311.51,303.96,311.44,7.61,170906000000,1054771000,60546049747,39752856438,20793193309,3134298580,4170538339,-1036239759,6314642824,3672947729,2641695095,69994991151,47596342506,22398648645
2026-02-25 00:00:00,311.76,313.77,310.6,313.24,1.8,207663000000,1163066000,63585391476,66970203520,-3384812044,2820794248,5123117564,-2302323316,6044720711,6211302616,-166581905,72450906435,78304623700,-5853717265
2026-02-26 00:00:00,313.34,318.32,313.34,316.73,3.49,214522000000,1152361000,70163534607,68590434746,1573099861,2623620392,6823404070,-4199783678,5609003059,5076159674,532843385,78396158058,80489998490,-2093840432
2026-03-02 00:00:00,315.17,317.85,308.46,316.01,-0.72,174858000000,1098356000,55596425008,52692361796,2904063212,2384851200,5521906558,-3137055358,4486767213,4895202437,-408435224,62468043421,63109470791,-641427370
2026-03-03 00:00:00,316.39,321.09,308.49,308.81,-7.2,208582000000,1307866000,56936939902,60134867569,-3197927667,2824630460,3652135508,-827505048,4596363883,8478533411,-3882169528,64357934245,72265536488,-7907602243
2026-03-04 00:00:00,307.83,307.83,292.5,293.8,-15.01,175479000000,1104361000,57157478331,57861384406,-703906075,3330129950,5538093124,-2207963174,4529214361,7577398946,-3048184585,65016822642,70976876476,-5960053834
2026-03-05 00:00:00,295.61,308.45,295.61,304.21,10.41,159689000000,967338000,45365359507,44159539314,1205820193,2547174700,4257118230,-1709943530,4706551341,4757929707,-51378366,52619085548,53174587251,-555501703
2026-03-06 00:00:00,304.36,308.18,302.14,306.49,2.28,133971000000,686293000,41237612513,39740652558,1496959955,2630229954,4125642266,-1495412312,4424797321,3331073713,1093723608,48292639788,47197368537,1095271251
2026-03-09 00:00:00,302.89,302.89,285.18,288.96,-17.53,122979000000,773041000,37069446627,36878523053,190923574,2335733000,2690442309,-354709309,3036324144,6484531109,-3448206965,42441503771,46053496471,-3611992700
2026-03-10 00:00:00,290.63,300.08,290.63,297.53,8.57,145835000000,818284000,45334047922,40746984973,4587062949,4605980848,3645238090,960742758,4161077717,4234416381,-73338664,54101106487,48626639444,5474467043
2026-03-11 00:00:00,298.49,312.16,298.49,311.5,13.97,151594000000,878510000,43499415203,40351959095,3147456108,3604862394,3519798129,85064265,4796902313,3000683660,1796218653,51901179910,46872440884,5028739026
2026-03-12 00:00:00,311.7,315.35,309.7,311.59,0.09,164044000000,942422000,46697704523,49000872677,-2303168154,3490160685,4481053834,-990893149,4910171404,4741305553,168865851,55098036612,58223232064,-3125195452
2026-03-13 00:00:00,311.08,313.62,306.07,312.9,1.31,143348000000,880386000,44540229064,44586428857,-46199793,1633056225,2053327181,-420270956,3815987529,3352542843,463444686,49989272818,49992298881,-3026063
2026-03-16 00:00:00,313.54,319.22,313.54,317.19,4.29,155403000000,896270000,41586344258,44209954739,-2623610481,2523388818,1551765212,971623606,4304976764,3469530880,835445884,48414709840,49231250831,-816540991
2026-03-17 00:00:00,318.02,323.93,318.02,321.03,3.84,190772000000,1140693000,46373570302,58317364108,-11943793806,3628190450,1845803982,1782386468,4673472083,4468264264,205207819,54675232835,64631432354,-9956199519
2026-03-18 00:00:00,322.46,330.12,322.46,329.4,8.37,185711000000,1254163000,52136230896,49971670793,2164560103,4303071621,2425406180,1877665441,6213451086,4938224090,1275226996,62652753603,57335301063,5317452540
2026-03-19 00:00:00,329.18,332.84,326.54,329.79,0.39,209980000000,1225257000,52816470619,54579929237,-1763458618,3587468705,2364847745,1222620960,6608359677,5142435462,1465924215,63012299001,62087212444,925086557
2026-03-20 00:00:00,330.3,334.64,325.61,328.4,-1.39,257125000000,1296905000,76591865007,80352554744,-3760689737,4035318537,3361287564,674030973,6147538775,7483395953,-1335857178,86774722319,91197238261,-4422515942
2026-03-23 00:00:00,326.69,326.69,316.71,317.02,-11.38,181613000000,1064952000,50847970457,55399594546,-4551624089,3173732634,1897108351,1276624283,4439463496,6058929704,-1619466208,58461166587,63355632601,-4894466014
2026-03-24 00:00:00,318.16,324.29,310.18,312.74,-4.28,211321000000,1142495000,63797269417,61590316070,2206953347,3971565580,3052946186,918619394,4819183722,6670165108,-1850981386,72588018719,71313427364,1274591355
2026-03-25 00:00:00,313.77,325.32,313.77,324.87,12.13,154826000000,896672000,46703800602,36009925213,10693875389,5298575149,1561371135,3737204014,4486147599,2660884961,1825262638,56488523350,40232181309,16256342041
2026-03-26 00:00:00,325.05,330.67,322.8,322.8,-2.07,235047000000,1151796000,68421553350,63346477735,5075075615,5281796675,3588532842,1693263833,6938995953,7201483123,-262487170,80642345978,74136493700,6505852278
2026-03-27 00:00:00,322.38,325,316.28,325,2.2,185590000000,854887000,55854456830,54223308570,1631148260,3065744878,6702189754,-3636444876,6485810140,5487644342,998165798,65406011848,66413142666,-1007130818
2026-03-30 00:00:00,324.44,324.44,316.05,320.4,-4.6,171437000000,873117000,50492186763,55937599435,-5445412672,3016867325,1615493769,1401373556,4685076837,5341713970,-656637133,58194130925,62894807174,-4700676249
2026-03-31 00:00:00,319.92,319.92,307,307.73,-12.67,201496000000,1015472000,63770202099,66821702016,-3051499917,6096467650,3834536131,2261931519,4773243177,8597750744,-3824507567,74639912926,79253988891,-4614075965
2026-04-01 00:00:00,309.5,321.9,309.5,321.19,13.46,148171000000,756549000,43445078874,44654412571,-1209333697,6225592772,1638605502,4586987270,4493650191,3713084782,780565409,54164321837,50006102855,4158218982
2026-04-02 00:00:00,321.61,327.12,317.77,317.9,-3.29,179854000000,831792000,53239876006,56829868587,-3589992581,6258785939,2618813692,3639972247,4706654448,4672287590,34366858,64205316393,64120969869,84346524
2026-04-07 00:00:00,318.81,326.69,318.81,325.61,7.71,167967000000,812439000,45620929515,50753175346,-5132245831,5934456218,2620706100,3313750118,4843543172,3627655976,1215887196,56398928905,57001537422,-602608517
2026-04-08 00:00:00,326.79,341.2,326.79,341.2,15.59,209762000000,988534000,62305649211,56180939379,6124709832,4435435853,1827666236,2607769617,6646206806,4991254388,1654952418,73387291870,62999860003,10387431867
2026-04-09 00:00:00,341.51,345.83,341.51,342.57,1.37,250345000000,1308265000,72687643669,71913025144,774618525,5115721627,3027628936,2088092691,6345604179,6520961226,-175357047,84148969475,81461615306,2687354169
2026-04-10 00:00:00,343.67,349.83,343.67,349.5,6.93,259887000000,1306260000,75506824978,77274018144,-1767193166,3867654997,4094133479,-226478482,6847996016,5917953579,930042437,86222475991,87286105202,-1063629211
2026-04-13 00:00:00,350.13,353.74,349.84,352.23,2.73,238328000000,1284141000,64732439365,72179628071,-7447188706,4643078549,4862150931,-219072382,7232750889,6519397315,713353574,76608268803,83561176317,-6952907514
2026-04-14 00:00:00,353.07,359.65,353.07,356,3.77,266814000000,1364722000,76608662883,78190704163,-1582041280,5255006586,4525237785,729768801,7496010586,7491015541,4995045,89359680055,90206957489,-847277434
2026-04-15 00:00:00,356.22,361.99,356.22,359.86,3.86,278256000000,1389099000,79199245763,76309950141,2889295622,5415664795,6357674059,-942009264,6617955228,8298436115,-1680480887,91232865786,90966060315,266805471
2026-04-16 00:00:00,360.18,366.27,360.18,365.96,6.1,297952000000,1399408000,91915350016,83879071006,8036279010,7292580823,5624645432,1667935391,7822574900,6800207611,1022367289,107030505739,96303924049,10726581690
2026-04-17 00:00:00,366.18,374.75,366.18,372.34,6.38,266339000000,1444836000,78411843434,72766093448,5645749986,4608711235,5922802982,-1314091747,6675262777,6063911381,611351396,89695817446,84752807811,4943009635
2026-04-20 00:00:00,373.17,385.17,373.17,383.5,11.16,304925000000,1665520000,85380260899,84347978787,1032282112,8793825301,3728930780,5064894521,7834817229,6946895795,887921434,102008903429,95023805362,6985098067
2026-04-21 00:00:00,384.43,392.28,383.66,390.57,7.07,336889000000,1549117000,96662888355,99765406300,-3102517945,11090485149,5332110885,5758374264,9140981063,9560775405,-419794342,116894354567,114658292590,2236061977
2026-04-22 00:00:00,391,397.99,391,395.08,4.51,312277000000,1546505000,86936629536,86871327356,65302180,5840559263,7698676569,-1858117306,8029797579,7709714757,320082822,100806986378,102279718682,-1472732304
2026-04-23 00:00:00,396.15,404.55,371.73,381.32,-13.76,415110000000,1932812000,124800878415,121065675993,3735202422,4963690309,9856263328,-4892573019,11942826258,15804784837,-3861958579,141707394982,146726724158,-5019329176
2026-04-24 00:00:00,382.56,391.09,376.88,381.54,0.22,326016000000,1363587000,99564870855,96231561648,3333309207,8094534955,10284016293,-2189481338,9220507901,10437279767,-1216771866,116879913711,116952857708,-72943997
2026-04-27 00:00:00,382.6,388.04,372.31,377.05,-4.49,277454000000,1192251000,90737535521,81548110054,9189425467,4480278700,9014540006,-4534261306,7963522673,7422415392,541107281,103181336894,97985065452,5196271442
2026-04-28 00:00:00,377.41,382.38,374.86,382.06,5.01,266709000000,1113211000,77727073598,87020995138,-9293921540,4413727494,9680827148,-5267099654,7909863186,5281520231,2628342955,90050664278,101983342517,-11932678239
2026-04-29 00:00:00,381.7,383.64,377.57,382.75,0.69,235278000000,1042229000,69698537019,73391114251,-3692577232,5194799675,4431511501,763288174,6032580117,5853719726,178860391,80925916811,83676345478,-2750428667
2026-04-30 00:00:00,383.49,390.16,383.49,384.58,1.83,271524000000,1201233000,75688871862,84789311134,-9100439272,6500848430,4922077219,1578771211,6698570570,7057032536,-358461966,88888290862,96768420889,-7880130027
2026-05-04 00:00:00,385.82,398.43,385.82,398.25,13.67,260395000000,1200797000,72304333951,75995505393,-3691171442,5895213198,2691607451,3203605747,7696439352,5393350898,2303088454,85895986501,84080463742,1815522759
2026-05-05 00:00:00,398.61,407.44,398.61,407.44,9.19,303579000000,1352395000,84457294512,86214347161,-1757052649,6796659241,6563342990,233316251,8749380717,7507221922,1242158795,100003334470,100284912073,-281577603
2026-05-06 00:00:00,408.15,416.46,399.85,410.29,2.85,429044000000,1877042000,131054799259,132604341332,-1549542073,11316613169,3360245936,7956367233,11875836077,13163562028,-1287725951,154247248505,149128149296,5119099209
2026-05-07 00:00:00,410.89,417.86,410.89,416.41,6.12,354994000000,1549276000,100889640956,108172657415,-7283016459,8185791796,4934403139,3251388657,9361778355,8113397238,1248381117,118437211107,121220457792,-2783246685
2026-05-08 00:00:00,415.61,420.38,402.08,409.44,-6.97,385032000000,1847156000,121875371031,119229788500,2645582531,7906230100,7802713007,103517093,10167364080,10871849220,-704485140,139948965211,137904350727,2044614484
2026-05-11 00:00:00,410.24,422.14,410.24,422.01,12.57,304394000000,1557177000,96530079159,87463225026,9066854133,6163829916,6732546228,-568716312,8487471157,6689254601,1798216556,111181380232,100885025855,10296354377
2026-05-12 00:00:00,423.72,430.05,423.06,425.71,3.7,360249000000,1494359000,101132938771,106891530930,-5758592159,8477991764,3793291856,4684699908,10624545610,10316722352,307823258,120235476145,121001545138,-766068993
2026-05-13 00:00:00,424.2,424.2,414.53,420.54,-5.17,282308000000,1238147000,88691487830,86682013327,2009474503,7553733822,9423877586,-1870143764,8950307394,11056748894,-2106441500,105195529046,107162639807,-1967110761
2026-05-14 00:00:00,422.74,431.74,422.74,426.57,6.03,305891000000,1493316000,85236097016,87655918166,-2419821150,6715693402,5765000307,950693095,8135433256,8159625503,-24192247,100087223674,101580543976,-1493320302
2026-05-15 00:00:00,427.5,430.26,411.18,411.18,-15.39,319154000000,1539121000,93671841207,93961742338,-289901131,3457516589,3664797709,-207281120,8829224343,12987835375,-4158611032,105958582139,110614375422,-4655793283
2026-05-18 00:00:00,409.77,409.98,398.67,409.63,-1.55,260845000000,1318443000,103203770393,77658122422,25545647971,4125773145,4949942454,-824169309,7261382467,7569896489,-308514022,114590926005,90177961365,24412964640
2026-05-19 00:00:00,409.18,409.74,396.67,398.18,-11.45,252758000000,1264586000,75951768212,89390744106,-13438975894,7717305384,6834786565,882518819,6144168117,8246021432,-2101853315,89813241713,104471552103,-14658310390
2026-05-20 00:00:00,398.87,403.54,395.31,396.42,-1.76,239209000000,1279425000,78456177893,74936870261,3519307632,5717077312,6520912069,-803834757,5210802254,8752896084,-3542093830,89384057459,90210678414,-826620955
2026-05-21 00:00:00,399.67,411.91,399.67,409.8,13.38,228959000000,1286727000,67295198576,68337059759,-1041861183,4268014950,6633597226,-2365582276,6797660519,3894319822,2903340697,78360874045,78864976807,-504102762
2026-05-22 00:00:00,411.78,423.25,411.78,423.25,13.45,260876000000,1418469000,75860118429,73853816574,2006301855,3932437831,4485020834,-552583003,8301458331,5656103123,2645355208,88094014591,83994940531,4099074060
2026-05-25 00:00:00,426.34,437.27,426.34,434.99,11.74,299051000000,1528012000,83924455277,79930759270,3993696007,4589654740,5150928260,-561273520,8712395742,6544534321,2167861421,97226505759,91626221851,5600283908
2026-05-26 00:00:00,437.65,443.26,432.47,439.3,4.31,305822000000,1545810000,93971997448,89832442677,4139554771,7885599407,5686355196,2199244211,7820253377,7461499327,358754050,109677850232,102980297200,6697553032
2026-05-27 00:00:00,440.92,449.38,436.54,440.19,0.89,392326000000,1880702000,111251748382,117038892463,-5787144081,10823389895,7909551454,2913838441,9700936030,9941181623,-240245593,131776074307,134889625540,-3113551233
2026-05-28 00:00:00,440.6,447.3,430.08,432.48,-7.71,383756000000,1815518000,121029381804,119566249129,1463132675,8989623060,6017624142,2971998918,8992382101,11258523269,-2266141168,139011386965,136842396540,2168990425
2026-05-29 00:00:00,435.81,446.86,435.81,443.64,11.16,385397000000,1570935000,144128772954,160855158941,-16726385987,7624837421,6288352482,1336484939,9200650395,8572276743,628373652,160954260770,175715788166,-14761527396
2026-06-01 00:00:00,443.97,451.09,443.97,446.02,2.38,340136000000,1617972000,99065646381,101685416702,-2619770321,6351043060,10814267780,-4463224720,9030536354,8317062615,713473739,114447225795,120816747097,-6369521302
2026-06-02 00:00:00,446.83,449.47,433.71,440.64,-5.38,378403000000,1720583000,120330800195,115585291707,4745508488,7184222794,13768387892,-6584165098,9366655014,11069844138,-1703189124,136881678003,140423523737,-3541845734
2026-06-03 00:00:00,442.6,450.18,442.6,446.82,6.18,326457000000,1517786000,90129518214,101653186959,-11523668745,6733493376,8374161771,-1640668395,9277110810,8340863210,936247600,106140122400,118368211940,-12228089540
2026-06-04 00:00:00,444.98,445.62,440.1,440.1,-6.72,279676000000,1435933000,81872237698,87070920556,-5198682858,5115144337,5388334155,-273189818,7308397159,10573992233,-3265595074,94295779194,103033246944,-8737467750
2026-06-05 00:00:00,438.19,438.19,419.44,431.07,-9.03,301225000000,1595657000,95930546657,98001814459,-2071267802,4571725853,10375440007,-5803714154,7430539157,11214067614,-3783528457,107932811667,119591322080,-11658510413
2026-06-08 00:00:00,422.43,422.43,395.16,412.57,-18.5,222227000000,1229894000,74134280204,62885228193,11249052011,3448092907,6421776136,-2973683229,5702718047,8952203414,-3249485367,83285091158,78259207743,5025883415
2026-06-09 00:00:00,414.05,424.71,413.54,424.71,12.14,259722000000,1395916000,76414913487,88526188967,-12111275480,6501786450,6050332506,451453944,6532551206,6421047137,111504069,89449251143,100997568610,-11548317467
2026-06-10 00:00:00,422.75,426.9,405.4,405.91,-18.8,309596000000,1690326000,90609486390,87681744498,2927741892,5344793476,6858788324,-1513994848,7426574401,12274336291,-4847761890,103380854267,106814869113,-3434014846
2026-06-11 00:00:00,405.68,411.07,392.56,407.09,1.18,279310000000,1482234000,101251053228,88872697458,12378355770,4808112148,8321508648,-3513396500,6720478600,8858575468,-2138096868,112779643976,106052781574,6726862402
2026-06-12 00:00:00,411.35,424.84,411.35,419.72,12.63,229332000000,1220842000,68453028900,69557732125,-1104703225,7037896173,3174531319,3863364854,6245724790,5958966615,286758175,81736649863,78691230059,3045419804
2026-06-15 00:00:00,423.35,433.05,423.35,429.37,9.65,225226000000,1191077000,67824277049,65062109367,2762167682,2811583890,1929659719,881924171,6304477429,5600913126,703564303,76940338368,72592682212,4347656156
2026-06-16 00:00:00,431.33,436.66,429.98,430.26,0.89,264010000000,1348469000,75262570118,74929306736,333263382,4997760077,4578598401,419161676,6069742172,6316051042,-246308870,86330072367,85823956179,506116188
2026-06-17 00:00:00,428.97,433.34,426.55,433.34,3.08,243651000000,1336997000,67750038204,73096713376,-5346675172,7520818300,5587991031,1932827269,6888582418,7645985940,-757403522,82159438922,86330690347,-4171251425
2026-06-18 00:00:00,434.54,447.06,434.54,447.06,13.72,269267000000,1323429000,89859558631,75106693163,14752865468,5563422085,3251566276,2311855809,8106914759,4707055540,3399859219,103529895475,83065314979,20464580496
2026-06-22 00:00:00,449.85,459.56,449.85,453.5,6.44,281314000000,1423873000,78896074606,80103879444,-1207804838,4676887170,2997416949,1679470221,7727163356,6932024129,795139227,91300125132,90033320522,1266804610
2026-06-23 00:00:00,453.91,456.83,440.81,440.81,-12.69,318168000000,1571878000,93671751633,101474881511,-7803129878,6422831220,4887285891,1535545329,9578175993,9764863262,-186687269,109672758846,116127030664,-6454271818
2026-06-24 00:00:00,438.54,442.46,431.79,442.09,1.28,241760000000,1179467000,70764060754,88912720749,-18148659995,4347147700,3558025589,789122111,8022549830,8386695573,-364145743,83133758284,100857441911,-17723683627
2026-06-25 00:00:00,442.8,447.63,438.3,439.84,-2.25,241027000000,1274698000,68347179435,80268499039,-11921319604,4629784779,4356663202,273121577,6504722702,7864671576,-1359948874,79481686916,92489833817,-13008146901
2026-06-26 00:00:00,438.84,438.84,414.87,415.26,-24.58,261890000000,1450160000,78386526714,85573139876,-7186613162,5288275878,7134379105,-1846103227,8040400731,11878174591,-3837773860,91715203323,104585693572,-12870490249
2026-06-29 00:00:00,414.75,420.92,409.3,412.93,-2.33,175922000000,1016640000,67383400308,58792105004,8591295304,3392697375,7187491994,-3794794619,5375667743,5166064068,209603675,76151765426,71145661066,5006104360
2026-06-30 00:00:00,414.56,427.96,414.56,426.97,14.04,188781000000,1044854000,60977399147,64257664230,-3280265083,5788516348,7178161881,-1389645533,5285692042,3103657549,2182034493,72051607537,74539483660,-2487876123
2026-07-01 00:00:00,430.29,437.56,430.29,431.23,4.26,248635000000,1374256000,69709060689,68119197696,1589862993,6957891414,11520506447,-4562615033,6609339462,6105255309,504084153,83276291565,85744959452,-2468667887
2026-07-02 00:00:00,429.41,439.51,424.2,439.51,8.28,242749000000,1347303000,77641007752,73947458576,3693549176,7006647299,8586703122,-1580055823,6882127195,6012398778,869728417,91529782246,88546560476,2983221770
2026-07-03 00:00:00,438.16,445.97,435.92,445.38,5.87,264845000000,1500502000,78093693420,75540478963,2553214457,5706528639,6515281271,-808752632,5922449814,5027525754,894924060,89722671873,87083285988,2639385885
2026-07-06 00:00:00,447.13,454.58,437.21,439.8,-5.58,305448000000,1526756000,86078869364,97159949197,-11081079833,6973892255,7424854979,-450962724,9091885297,11835759356,-2743874059,102144646916,116420563532,-14275916616
2026-07-07 00:00:00,439.63,443,418.45,419.47,-20.33,278133000000,1400006000,85819642104,90371311836,-4551669732,3909077331,4926162220,-1017084889,7562159456,12325434260,-4763274804,97290878891,107622908316,-10332029425
2026-07-08 00:00:00,419.78,424.2,413.1,421.39,1.92,222060000000,1137555000,73076474624,77304264055,-4227789431,4160708894,4126632957,34075937,5465397614,5617421846,-152024232,82702581132,87048318858,-4345737726
2026-07-09 00:00:00,423.45,432.04,423.45,424.99,3.6,236398000000,1111091000,69522731130,71645070062,-2122338932,5250749738,3503553922,1747195816,6338826036,5883520009,455306027,81112306904,81032143993,80162911
2026-07-13 00:00:00,428.47,436.77,417.55,419.9,-5.09,213139000000,1170108000,65643932486,65800016207,-156083721,2730592396,4576842470,-1846250074,5473982435,6213895186,-739912751,73848507317,76590753863,-2742246546
2026-07-14 00:00:00,419.28,420.37,390.99,407.41,-12.49,291222000000,1412143000,104666912656,90891247315,13775665341,7086992346,7957329989,-870337643,8515977294,12107743697,-3591766403,120269882296,110956321001,9313561295
2026-07-15 00:00:00,409.91,417.64,409.91,416.41,9,204490000000,968237000,65471530902,72016337696,-6544806794,5314917209,3516105119,1798812090,6120825972,8016779378,-1895953406,76907274083,83549222193,-6641948110
2026-07-16 00:00:00,414.88,414.88,404.89,407.01,-9.4,205350000000,1000253000,72351601966,68138884108,4212717858,2912565617,6863342046,-3950776429,5712501297,6028003315,-315502018,80976668880,81030229469,-53560589
2026-07-17 00:00:00,401.65,401.65,378.2,378.44,-28.57,202772000000,1025406000,75060080657,59881651776,15178428881,5372495996,3780260424,1592235572,5007836917,8816637812,-3808800895,85440413570,72478550012,12961863558
2026-07-20 00:00:00,378.15,378.15,357.22,368.53,-9.91,186486000000,957869000,79384164371,71536093986,7848070385,3259293001,4099099662,-839806661,4872071069,7098249623,-2226178554,87515528441,82733443271,4782085170
2026-07-21 00:00:00,369.65,382.59,369.65,381.96,13.43,160225000000,819779000,52752632689,62622384276,-9869751587,3463392075,4595769178,-1132377103,5205728811,3303535813,1902192998,61421753575,70521689267,-9099935692
2026-07-22 00:00:00,385.18,399.07,385.18,395.18,13.22,186353000000,944085000,54346676192,60604703952,-6258027760,4938252695,2638037397,2300215298,5386568588,4940006405,446562183,64671497475,68182747754,-3511250279
2026-07-23 00:00:00,396.21,399.93,389.31,392.11,-3.07,184985000000,867347000,60777296962,66041980162,-5264683200,3307147336,2765795447,541351889,4887815216,5157831749,-270016533,68972259514,73965607358,-4993347844
2026-07-24 00:00:00,390.07,391.89,377.54,377.63,-14.48,185754000000,721156000,59982401526,66235147596,-6252746070,5506187431,4418162080,1088025351,5832481434,6024049559,-191568125,71321070391,76677359235,-5356288844
2026-07-27 00:00:00,377.85,378.9,369.52,378.09,0.46,163847000000,755812000,60267844562,61408502603,-1140658041,2355904821,1872556260,483348561,3969540583,4711822250,-742281667,66593289966,67992881113,-1399591147
2026-07-28 00:00:00,373.42,373.42,352.42,352.42,-25.67,161993000000,812527000,54399407872,55130840885,-731433013,2847402595,2152827323,694575272,3395619836,4910188329,-1514568493,60642430303,62193856537,-1551426234
2026-07-29 00:00:00,352.31,354.18,327.79,334.24,-18.18,186823000000,1069195000,76088737603,63864561569,12224176034,1484866169,4642418423,-3157552254,3989802739,5944137986,-1954335247,81563406511,74451117978,7112288533
2026-07-30 00:00:00,330.72,340.7,322.74,326.23,-8.01,175286000000,905197000,66700567411,75126934654,-8426367243,4379639890,2710134808,1669505082,4823057120,5440239824,-617182704,75903264421,83277309286,-7374044865
2026-07-31 00:00:00,331.88,348.59,331.88,347.85,21.62,130024000000,732453000,41692816509,49007420075,-7314603566,2583902558,2209742187,374160371,3708217437,3120964271,587253166,47984936504,54338126533,-6353190029
2026-08-03 00:00:00,349.29,365.82,349.14,362.89,15.04,132456000000,683217000,46591832256,45276097247,1315735009,2666336345,2272492961,393843384,4315712122,4300282905,15429217,53573880723,51848873113,1725007610
2026-08-04 00:00:00,364.8,376.61,364.8,375.03,12.14,159829000000,785643000,53141442345,57763362184,-4621919839,4684242472,2740444673,1943797799,4453038758,4292050684,160988074,62278723575,64795857541,-2517133966
2026-08-05 00:00:00,378.69,390.96,378.69,383.75,8.72,184237000000,885504000,55288639650,58268666789,-2980027139,2861127927,4328736156,-1467608229,5670266617,6738521462,-1068254845,63820034194,69335924407,-5515890213
2026-08-06 00:00:00,383.72,391.96,378.5,391.37,7.62,225366000000,847489000,76275573884,73351712325,2923861559,5966574506,6028506387,-61931881,7970667649,6760248469,1210419180,90212816039,86140467181,4072348858
2026-08-07 00:00:00,391.77,394.28,382.71,384.19,-7.18,206294000000,821576000,62907857747,74062604916,-11154747169,3050064559,3675405716,-625341157,5926702022,6726819286,-800117264,71884624328,84464829918,-12580205590
2026-08-10 00:00:00,386.32,396.92,386.32,391.61,7.42,188886000000,876582000,54414913087,62048472665,-7633559578,5782222337,2764357412,3017864925,5781339616,5562321121,219018495,65978475040,70375151198,-4396676158
2026-08-11 00:00:00,390.93,393.12,386.09,391.68,0.07,184124000000,854207000,54750348987,59710884798,-4960535811,3279400823,1717961951,1561438872,5060449992,4550020225,510429767,63090199802,65978866974,-2888667172
2026-08-12 00:00:00,392,402.12,392,402.02,10.34,201046000000,942290000,60085766568,53733980690,6351785878,4956875381,3024872867,1932002514,5751003247,4584548784,1166454463,70793645196,61343402341,9450242855
2026-08-13 00:00:00,403.76,411.25,403.76,406.12,4.1,248924000000,1044146000,65120883052,78181669672,-13060786620,9098960100,2107551924,6991408176,7511613493,6464558271,1047055222,81731456645,86753779867,-5022323222
2026-08-14 00:00:00,406.45,409.29,399.48,400.95,-5.17,238429000000,997068000,60706001518,72392726420,-11686724902,2198272225,3075308796,-877036571,8450479729,11885413779,-3434934050,71354753472,87353448995,-15998695523
2026-08-17 00:00:00,400.91,401.03,395.19,398.32,-2.63,173191000000,745811000,49780578913,54439527047,-4658948134,3321518940,4857776799,-1536257859,5875461723,5781529994,93931729,58977559576,65078833840,-6101274264
2026-08-18 00:00:00,398.61,400.81,389.92,390.83,-7.49,237768000000,1026031000,71289948650,79212372926,-7922424276,6797391671,7755370482,-957978811,7504638507,7697488201,-192849694,85591978828,94665231609,-9073252781
2026-08-19 00:00:00,387.57,389.78,379.93,384.79,-6.04,179571000000,790413000,58365273577,68452840082,-10087566505,2946876700,6607978607,-3661101907,7114457882,8964729928,-1850272046,68426608159,84025548617,-15598940458
2026-08-20 00:00:00,386.94,392.69,383.94,389.96,5.17,184302000000,863683000,56460109657,59080518687,-2620409030,4691895118,4581744753,110150365,4404070621,5807525361,-1403454740,65556075396,69469788801,-3913713405
2026-08-21 00:00:00,390.13,390.99,384.93,387.27,-2.69,198449000000,857652000,65181599560,65881826926,-700227366,3746015667,3151963761,594051906,5030464963,5985817576,-955352613,73958080190,75019608263,-1061528073
2026-08-24 00:00:00,388,394.35,386.1,386.1,-1.17,188015000000,803749000,61109147226,57502476119,3606671107,2509597495,2343738225,165859270,5321723218,5397602568,-75879350,68940467939,65243816912,3696651027
2026-08-25 00:00:00,384.87,389.41,377.51,389.41,3.31,168782000000,701017000,56495718785,59079149772,-2583430987,3730005624,2211438682,1518566942,5276218322,5655744691,-379526369,65501942731,66946333145,-1444390414
2026-08-26 00:00:00,389.13,395.97,389.13,395.66,6.25,238702000000,931733000,66156800940,72257798317,-6100997377,7400517456,4358820584,3041696872,8133079189,6005485460,2127593729,81690397585,82622104361,-931706776
2026-08-27 00:00:00,397.48,401.75,395.73,400.38,4.72,280347000000,1036269000,82803461001,77759967726,5043493275,9211156281,8379872668,831283613,9239545790,6694029069,2545516721,101254163072,92833869463,8420293609
2026-08-28 00:00:00,401.38,406.24,399.31,402.83,2.45,292679000000,1263631000,88641656378,82519535934,6122120444,4126042500,8442181368,-4316138868,8084939702,7692231700,392708002,100852638580,98653949002,2198689578
2026-08-31 00:00:00,401.75,401.75,393.34,401.7,-1.13,321323000000,972791000,145690602787,146050507064,-359904277,5311501107,8490573827,-3179072720,8859328036,9337628614,-478300578,159861431930,163878709505,-4017277575