市場,資料日期,排名,代號,名稱,收盤價,漲跌,漲跌幅(%),成交金額(億),幣別,更新時間
美股,2026/09/28,1,NVDA,NVIDIA Corporation,228.86,3.79,1.68,323.66,美元,2026/09/29 06:00
美股,2026/09/28,2,MU,"Micron Technology, Inc.",1053.98,-28.3,-2.61,233.17,美元,2026/09/29 06:00
美股,2026/09/28,3,META,"Meta Platforms, Inc.",715.62,-36.04,-4.79,198.07,美元,2026/09/29 06:00
美股,2026/09/28,4,TSLA,"Tesla, Inc.",357.45,-14.66,-3.94,140.56,美元,2026/09/29 06:00
美股,2026/09/28,5,AMD,"Advanced Micro Devices, Inc.",607.87,-22.76,-3.61,133.57,美元,2026/09/29 06:00
美股,2026/09/28,6,INTC,Intel Corporation,116.03,-6.97,-5.67,128.94,美元,2026/09/29 06:00
美股,2026/09/28,7,SPCX,Space Exploration Technologies Corp,145.47,-3.21,-2.16,120.96,美元,2026/09/29 06:00
美股,2026/09/28,8,SNDK,Sandisk Corporation,1712.89,-64.91,-3.65,113.57,美元,2026/09/29 06:00
美股,2026/09/28,9,AAPL,Apple Inc.,338.4,-2.67,-0.78,110.64,美元,2026/09/29 06:00
美股,2026/09/28,10,MSFT,Microsoft Corporation,509.22,-6.95,-1.35,99.8,美元,2026/09/29 06:00
美股,2026/09/28,11,AMZN,"Amazon.com, Inc.",246.15,-3.52,-1.41,78.58,美元,2026/09/29 06:00
美股,2026/09/28,12,AVGO,Broadcom Inc.,349.57,-3.24,-0.92,74.36,美元,2026/09/29 06:00
美股,2026/09/28,13,MDB,"MongoDB, Inc.",334.68,-75.76,-18.46,59.65,美元,2026/09/29 06:00
美股,2026/09/28,14,GOOG,Alphabet Inc.,339.16,-1.92,-0.56,46.84,美元,2026/09/29 06:00
美股,2026/09/28,15,ORCL,Oracle Corporation,132.6,-4.5,-3.28,44.86,美元,2026/09/29 06:00
美股,2026/09/28,16,MRVL,"Marvell Technology, Inc.",251.9,-10.03,-3.83,42.38,美元,2026/09/29 06:00
美股,2026/09/28,17,LITE,Lumentum Holdings Inc.,921.32,-20.33,-2.16,40.83,美元,2026/09/29 06:00
美股,2026/09/28,18,BE,Bloom Energy Corporation,262.87,-25.83,-8.95,40.79,美元,2026/09/29 06:00
美股,2026/09/28,19,DELL,Dell Technologies Inc.,543.43,-19.46,-3.46,37.2,美元,2026/09/29 06:00
美股,2026/09/28,20,KOD,Kodiak Sciences Inc,89.92,57.57,177.96,34.58,美元,2026/09/29 06:00
日股,2026/09/28,1,285A,Kioxia Holdings Corporation,53340,-2440,-4.37,9814.13,日圓,2026/09/28 15:06
日股,2026/09/28,2,9984,SoftBank Group Corp.,6244,94,1.53,3718.26,日圓,2026/09/28 15:06
日股,2026/09/28,3,6857,Advantest Corp.,33730,-270,-0.79,3380.02,日圓,2026/09/28 15:06
日股,2026/09/28,4,8035,Tokyo Electron Ltd.,56320,-200,-0.35,2224.58,日圓,2026/09/28 15:06
日股,2026/09/28,5,6976,"Taiyo Yuden Co., Ltd.",9093,-67,-0.73,2139.3,日圓,2026/09/28 15:06
日股,2026/09/28,6,4062,"IBIDEN CO., LTD.",22310,-1035,-4.43,1905.36,日圓,2026/09/28 15:06
日股,2026/09/28,7,6981,"Murata Manufacturing Co., Ltd.",8004,-18,-0.22,1669.06,日圓,2026/09/28 15:06
日股,2026/09/28,8,8306,"Mitsubishi UFJ Financial Group, Inc.",3721,7,0.19,1668.54,日圓,2026/09/28 15:06
日股,2026/09/28,9,6920,Lasertec Corp.,40000,-910,-2.22,1361.6,日圓,2026/09/28 15:06
日股,2026/09/28,10,5803,Fujikura Ltd,4957,-29,-0.58,1311.86,日圓,2026/09/28 15:06
日股,2026/09/28,11,8316,"Sumitomo Mitsui Financial Group, Inc.",6990,71,1.03,1075.4,日圓,2026/09/28 15:06
日股,2026/09/28,12,8411,"Mizuho Financial Group, Inc.",8799,173,2.01,990.98,日圓,2026/09/28 15:06
日股,2026/09/28,13,9983,"FAST RETAILING CO., LTD.",67850,-770,-1.12,784.69,日圓,2026/09/28 15:06
日股,2026/09/28,14,7203,Toyota Motor Corp.,2986.5,-3,-0.1,778.4,日圓,2026/09/28 15:06
日股,2026/09/28,15,6146,Disco Corporation,54400,180,0.33,773.84,日圓,2026/09/28 15:06
日股,2026/09/28,16,7974,"Nintendo Co., Ltd.",7999,-101,-1.25,705.06,日圓,2026/09/28 15:06
日股,2026/09/28,17,6525,Kokusai Electric Corporation,9169,-131,-1.41,695.62,日圓,2026/09/28 15:06
日股,2026/09/28,18,6594,Nidec Corporation,2340,-500,-17.61,655.87,日圓,2026/09/28 15:06
日股,2026/09/28,19,6098,"Recruit Holdings Co., Ltd.",16445,110,0.67,641.78,日圓,2026/09/28 15:06
日股,2026/09/28,20,6501,"Hitachi, Ltd.",5518,-18,-0.33,592.95,日圓,2026/09/28 15:06
韓股,2026/09/28,1,000660,SK hynix Inc.,1768000,-94000,-5.05,55302.03,韓元,2026/09/28 15:06
韓股,2026/09/28,2,005930,"Samsung Electronics Co., Ltd.",270000,-15500,-5.43,54667.72,韓元,2026/09/28 15:06
韓股,2026/09/28,3,009150,"Samsung Electro-Mechanics Co., Ltd",1499000,-8000,-0.53,9258.84,韓元,2026/09/28 15:06
韓股,2026/09/28,4,402340,"SK Square Co., Ltd.",1100000,-90000,-7.56,7722.31,韓元,2026/09/28 15:06
韓股,2026/09/28,5,009830,HANWHA SOLUTIONS CORPORATION,33350,4150,14.21,3333.95,韓元,2026/09/28 15:06
韓股,2026/09/28,6,011070,"LG Innotek Co., Ltd",578000,43000,8.04,2371.82,韓元,2026/09/28 15:06
韓股,2026/09/28,7,047040,"Daewoo Engineering & Construction Co., Ltd",18680,1240,7.11,2288.22,韓元,2026/09/28 15:06
韓股,2026/09/28,8,0010S0,WISE PLANET COMPANY Inc.,32450,-13850,-29.91,1949.54,韓元,2026/09/28 15:06
韓股,2026/09/28,9,387690,REMEDI Inc.,23000,4150,22.02,1828.81,韓元,2026/09/28 15:06
韓股,2026/09/28,10,096770,"SK Innovation Co., Ltd",158200,9000,6.03,1748.15,韓元,2026/09/28 15:06
韓股,2026/09/28,11,006400,"Samsung SDI Co., Ltd",533000,12000,2.3,1682.19,韓元,2026/09/28 15:06
韓股,2026/09/28,12,353200,"Daeduck Electronics Co., Ltd.",123300,3900,3.27,1607.84,韓元,2026/09/28 15:06
韓股,2026/09/28,13,010170,"Taihan Fiberoptics Co., Ltd",17280,-420,-2.37,1598.16,韓元,2026/09/28 15:06
韓股,2026/09/28,14,066570,LG Electronics Inc.,214500,5500,2.63,1597.97,韓元,2026/09/28 15:06
韓股,2026/09/28,15,005380,Hyundai Motor Company,354500,1000,0.28,1541.72,韓元,2026/09/28 15:06
韓股,2026/09/28,16,036930,"Jusung Engineering Co., Ltd",209000,-500,-0.24,1535.4,韓元,2026/09/28 15:06
韓股,2026/09/28,17,105560,KB Financial Group Inc.,174200,1000,0.58,1437.68,韓元,2026/09/28 15:06
韓股,2026/09/28,18,028260,SAMSUNG C&T CORP,345500,-21500,-5.86,1286.04,韓元,2026/09/28 15:06
韓股,2026/09/28,19,035420,NAVER Corp.,197700,3000,1.54,1264.95,韓元,2026/09/28 15:06
韓股,2026/09/28,20,356680,"AXGATE Co., Ltd.",18510,290,1.59,1260.09,韓元,2026/09/28 15:06