市場,股票代號,英文名稱,原文名稱,中文名稱,信心,備註,成交值排行,市值排行
日股,285A,Kioxia Holdings Corporation,キオクシアホールディングス株式会社,鎧俠控股,高,鉅亨網、經濟日報均稱「鎧俠」；台媒亦常寫 Kioxia（鎧俠）,1,4
日股,8306,"Mitsubishi UFJ Financial Group, Inc.",株式会社三菱UFJフィナンシャル・グループ,三菱UFJ金融集團,高,,10,1
日股,6857,Advantest Corp.,株式会社アドバンテスト,愛德萬測試,高,鉅亨網個股名稱即「愛德萬測試(株)」；台灣子公司為愛德萬測試股份有限公司,2,8
日股,7203,Toyota Motor Corp.,トヨタ自動車株式会社,豐田汽車,高,,14,2
日股,5803,Fujikura Ltd,株式会社フジクラ,藤倉,高,鉅亨網作「藤倉株式會社」；商號現為片假名フジクラ，舊漢字為藤倉電線,3,30
日股,9984,SoftBank Group Corp.,ソフトバンクグループ株式会社,軟銀集團,高,鉅亨網亦作「軟體銀行集團」；台媒最常用「軟銀」,6,3
日股,278A,Terra Drone Corporation,Terra Drone株式会社（テラドローン）,Terra Drone,中,經濟日報、DIGITIMES 皆直接寫英文原名 Terra Drone，無通行中文譯名,4,
日股,6976,"Taiyo Yuden Co., Ltd.",太陽誘電株式会社,太陽誘電,高,工商時報、科技新報均用「太陽誘電」,5,
日股,8316,"Sumitomo Mitsui Financial Group, Inc.",株式会社三井住友フィナンシャルグループ,三井住友金融集團,高,,18,5
日股,8035,Tokyo Electron Ltd.,東京エレクトロン株式会社,東京威力科創,高,鉅亨網個股名稱即「東京威力科創」，台灣子公司同名；部分媒體寫東京電子,8,6
日股,6525,Kokusai Electric Corporation,株式会社Kokusai Electric,Kokusai Electric,中,鉅亨網、經濟日報、聯合報均直接寫 KOKUSAI／Kokusai Electric；舊名國際電氣（日立國際電氣半導體部門）,7,
日股,6501,"Hitachi, Ltd.",株式会社日立製作所,日立製作所,高,台媒常簡稱「日立」,25,7
日股,6981,"Murata Manufacturing Co., Ltd.",株式会社村田製作所,村田製作所,高,台媒常簡稱「村田」,9,19
日股,6098,"Recruit Holdings Co., Ltd.",株式会社リクルートホールディングス,瑞可利控股,中,台媒常寫 Recruit（瑞可利）；英文原名出現頻率亦高,13,9
日股,6758,Sony Group Corporation,ソニーグループ株式会社,索尼集團,高,台媒多直接寫 Sony；台灣舊譯「新力」已於2009年正名為索尼,17,10
日股,4062,"IBIDEN CO., LTD.",イビデン株式会社,揖斐電,高,工商時報、鉅亨網均用「揖斐電（Ibiden）」,11,52
日股,9983,"FAST RETAILING CO., LTD.",株式会社ファーストリテイリング,迅銷,高,公司官方繁中名為迅銷集團；台媒常寫「優衣庫（UNIQLO）母公司迅銷」,12,11
日股,8411,"Mizuho Financial Group, Inc.",株式会社みずほフィナンシャルグループ,瑞穗金融集團,高,日文商號為平假名みずほ，漢字原為瑞穂,15,12
日股,6861,Keyence Corporation,株式会社キーエンス,基恩斯,中,台灣子公司為台灣基恩斯；鉅亨網作KEYENCE株式會社，台媒亦常直接寫KEYENCE；中國譯基恩士,29,13
日股,8001,Itochu Corporation,伊藤忠商事株式会社,伊藤忠商事,高,台媒常簡稱「伊藤忠」,50,14
日股,8058,Mitsubishi Corporation,三菱商事株式会社,三菱商事,高,,35,15
日股,6146,Disco Corporation,株式会社ディスコ,迪思科,高,鉅亨網用「迪思科」，台灣子公司為迪思科高科技；科技新報等亦直接寫 DISCO,16,45
日股,8766,"Tokio Marine Holdings, Inc.",東京海上ホールディングス株式会社,東京海上控股,高,,27,16
日股,9432,NTT Inc,NTT株式会社（原：日本電信電話株式会社）,NTT,高,2025年7月正式商號由日本電信電話改為NTT；台媒寫NTT，或加註日本電信電話,26,17
日股,8031,"Mitsui & Co.,Ltd",三井物産株式会社,三井物產,高,,39,18
日股,5801,"Furukawa Electric Co., Ltd.",古河電気工業株式会社,古河電工,高,全名古河電氣工業,19,95
日股,7011,"Mitsubishi Heavy Industries, Ltd.",三菱重工業株式会社,三菱重工,高,,20,20
日股,6920,Lasertec Corp.,レーザーテック株式会社,Lasertec,高,鉅亨網、工商時報、MoneyDJ 皆直接寫 Lasertec，無通行中文譯名,21,85
日股,2914,Japan Tobacco Inc.,日本たばこ産業株式会社,日本菸草,高,台媒亦常用簡稱「JT」,62,21
日股,5411,"JFE Holdings, Inc.",JFEホールディングス株式会社,JFE控股,高,,22,
日股,7182,"Japan Post Bank Co., Ltd.",株式会社ゆうちょ銀行,日本郵政銀行,高,日文商號為平假名ゆうちょ銀行，台媒統一譯日本郵政銀行,49,22
日股,7974,"Nintendo Co., Ltd.",任天堂株式会社,任天堂,高,,23,28
日股,6503,Mitsubishi Electric Corp.,三菱電機株式会社,三菱電機,高,,42,23
日股,5016,JX Advanced Metals Corporation,JX金属株式会社,JX金屬,中,日文商號仍為JX金属，2025年英文名改為JX Advanced Metals；台媒多寫JX金屬或JX Advanced Metals,24,78
日股,4063,"Shin-Etsu Chemical Co., Ltd.",信越化学工業株式会社,信越化學工業,高,台媒常簡稱「信越化學」,43,24
日股,4519,"Chugai Pharmaceutical Co., Ltd.",中外製薬株式会社,中外製藥,高,,83,25
日股,9434,SoftBank Corp.,ソフトバンク株式会社,軟銀公司,高,電信本業公司，須與母公司「軟銀集團」（9984 SoftBank Group）區分,84,26
日股,9433,KDDI Corporation,KDDI株式会社,KDDI,高,無通用中譯，台媒直接寫 KDDI（日本第二大電信）,55,27
日股,9024,"Seibu Holdings, Inc.",株式会社西武ホールディングス,西武控股,高,,28,
日股,6752,Panasonic Holdings Corporation,パナソニックホールディングス株式会社,Panasonic控股,中,台媒多直接寫 Panasonic；舊稱松下電器，2008年正名為Panasonic，中國稱松下控股,37,29
日股,3103,Unitika Ltd.,ユニチカ株式会社,尤尼吉可,中,尤尼吉可為公司官方中文名；台灣財經媒體少見，多直接寫 Unitika,30,
日股,5802,"Sumitomo Electric Industries, Ltd.",住友電気工業株式会社,住友電工,高,全名住友電氣工業,31,37
日股,4502,Takeda Pharmaceutical Co. Ltd.,武田薬品工業株式会社,武田藥品工業,高,台媒常簡稱「武田藥品」,38,31
日股,7741,HOYA CORPORATION,HOYA株式会社,HOYA,高,台灣財經媒體直接寫英文原名 HOYA；眼鏡鏡片業界稱「豪雅」,32,33
日股,8053,Sumitomo Corporation,住友商事株式会社,住友商事,高,,66,32
日股,6178,"JAPAN POST HOLDINGS Co., Ltd.",日本郵政株式会社,日本郵政,高,,33,38
日股,6367,"DAIKIN INDUSTRIES, LTD.",ダイキン工業株式会社,大金工業,高,台媒常簡稱「大金」,34,48
日股,8002,Marubeni Corporation,丸紅株式会社,丸紅,高,,36,34
日股,8725,"MS&AD Insurance Group Holdings, Inc.",MS&ADインシュアランスグループホールディングス株式会社,MS&AD保險集團控股,中,台媒多直接寫 MS&AD，旗下為三井住友海上,71,35
日股,8015,Toyota Tsusho Corp.,豊田通商株式会社,豐田通商,高,,91,36
日股,6702,Fujitsu Limited,富士通株式会社,富士通,高,,56,39
日股,4503,Astellas Pharma Inc.,アステラス製薬株式会社,安斯泰來製藥,高,台灣子公司為台灣安斯泰來製藥,40,67
日股,6301,Komatsu Ltd.,株式会社小松製作所,小松製作所,高,台媒亦常寫「小松」或 Komatsu,64,40
日股,5706,"Mitsui Kinzoku Co., Ltd.",三井金属鉱業株式会社,三井金屬礦業,高,鉅亨網個股名稱即「三井金屬礦業」,41,
日股,6701,NEC Corporation,日本電気株式会社,NEC,高,日文正式商號為「日本電氣」，但台灣財經媒體（鉅亨、MoneyDJ）一律直接寫 NEC,51,41
日股,8750,Daiichi Life Group. Inc.,株式会社第一ライフグループ,第一生命集團,中,2026年4月由「第一生命ホールディングス（第一生命控股）」更名；台媒目前仍多沿用「第一生命」或「第一生命控股」,67,42
日股,7267,"Honda Motor Co., Ltd.",本田技研工業株式会社,本田汽車,高,台媒常寫「本田」或直接用 Honda,46,43
日股,6723,Renesas Electronics Corporation,ルネサスエレクトロニクス株式会社,瑞薩電子,高,鉅亨網、MoneyDJ 均用「瑞薩電子」,44,49
日股,8591,ORIX Corporation,オリックス株式会社,歐力士,高,台灣有歐力士租賃／歐力士租車，台媒統一用「歐力士」,63,44
日股,5713,"Sumitomo Metal Mining Co., Ltd.",住友金属鉱山株式会社,住友金屬礦山,高,,45,83
日股,4578,"Otsuka Holdings Co., Ltd.",大塚ホールディングス株式会社,大塚控股,高,,93,46
日股,4004,Resonac Holdings Corporation,株式会社レゾナック・ホールディングス,力森諾科控股,中,舊名昭和電工，2023年更名；台灣子公司為台灣力森諾科，台灣財經媒體亦常直接寫 Resonac,47,87
日股,8630,"Sompo Holdings,Inc.",SOMPOホールディングス株式会社,損保控股,高,MoneyDJ作「損保控股株式會社」；台媒亦常直接寫SOMPO控股。鉅亨網個股頁仍用舊名「NKSJ控股」,,47
日股,6326,Kubota Corporation,株式会社クボタ,久保田,高,台灣代理商為新臺灣久保田；商號現為片假名クボタ,48,81
日股,6762,TDK Corporation,TDK株式会社,TDK,高,無中譯，台媒直接寫 TDK；台灣子公司名為「台灣東電化」,69,50
日股,8308,"Resona Holdings, Inc.",株式会社りそなホールディングス,里索那控股,中,台媒常直接寫 Resona；中文維基與該行中文網頁用「里索那」,82,51
日股,3436,SUMCO Corporation,株式会社SUMCO,SUMCO,高,無中譯，台媒直接寫 SUMCO（全球第二大矽晶圓廠）,52,
日股,6954,Fanuc Corporation,ファナック株式会社,發那科,高,鉅亨網作「發那科」；MoneyDJ 多直接寫 Fanuc,53,53
日股,9503,"Kansai Electric Power Company, Incorporated",関西電力株式会社,關西電力,高,,54,94
日股,4568,"Daiichi Sankyo Company, Limited",第一三共株式会社,第一三共,高,,68,54
日股,6902,DENSO CORPORATION,株式会社デンソー,電裝,高,鉅亨網作「電裝公司」；台灣子公司名為「台灣電綜」,89,55
日股,5108,Bridgestone Corporation,株式会社ブリヂストン,普利司通,高,鉅亨網、經濟日報、自由財經皆用「普利司通」；在台子公司為台灣普利司通,,56
日股,9101,Nippon Yusen Kabushiki Kaisha,日本郵船株式会社,日本郵船,高,,57,93
日股,2802,"Ajinomoto Co., Inc.",味の素株式会社,味之素,高,科技新報、MoneyDJ、台視財經均用「味之素」（ABF載板材料供應商）,,57
日股,7012,Kawasaki Heavy Industries Ltd.,川崎重工業株式会社,川崎重工,高,正式商號為川崎重工業，台媒慣稱川崎重工,58,
日股,8309,"Sumitomo Mitsui Trust Group, Inc.",三井住友トラストグループ株式会社,三井住友信託集團,中,2024年10月由「三井住友トラスト・ホールディングス（三井住友信託控股）」更名,74,58
日股,7013,IHI Corporation,株式会社IHI,IHI,高,2007年由「石川島播磨重工業」更名，台媒直接寫 IHI,59,90
日股,4661,"Oriental Land Co., Ltd.",株式会社オリエンタルランド,東方樂園,高,鉅亨網作「東方樂園株式會社－東京迪士尼樂園營運商」,,59
日股,6273,SMC Corporation,SMC株式会社,SMC,高,台灣子公司名為「速睦喜」，但財經媒體直接寫 SMC（氣動元件龍頭）,60,66
日股,6971,Kyocera Corporation,京セラ株式会社,京瓷,高,鉅亨網作「京瓷株式會社」,100,60
日股,5401,NIPPON STEEL CORP.,日本製鉄株式会社,日本製鐵,高,,61,77
日股,8604,"Nomura Holdings, Inc.",野村ホールディングス株式会社,野村控股,高,鉅亨網、MoneyDJ、經濟日報一致用「野村控股」,,61
日股,1605,Inpex Corporation,株式会社INPEX,INPEX,高,2021年由「國際石油開發帝石」更名，台媒直接寫 INPEX,78,62
日股,3382,"Seven & I Holdings Co., Ltd.",株式会社セブン＆アイ・ホールディングス,7&I控股,中,鉅亨網作「7&I控股」；台媒亦常寫 Seven & i 或「7-11母公司」。曾規劃更名為 Seven-Eleven Corporation，2025年股東會延後,81,63
日股,8802,"Mitsubishi Estate Company, Limited",三菱地所株式会社,三菱地所,高,,80,64
日股,9104,"Mitsui O.S.K.Lines,Ltd.",株式会社商船三井,商船三井,高,,65,97
日股,7751,Canon Inc.,キヤノン株式会社,佳能,高,日文商號的「ヤ」為大寫，非拗音,75,65
日股,7269,Suzuki Motor Corp.,スズキ株式会社,鈴木汽車,高,日文正式商號為片假名「スズキ」，台媒沿用漢字「鈴木」,86,68
日股,8801,"Mitsui Fudosan Co., Ltd.",三井不動産株式会社,三井不動產,高,,87,69
日股,7735,"SCREEN Holdings Co., Ltd",株式会社SCREENホールディングス,SCREEN Holdings,中,台媒（MoneyDJ、鉅亨）多直接寫 Screen／SCREEN；舊名「大日本網屏製造」，台灣子公司稱「迪恩士」,70,99
日股,9020,East Japan Railway Company,東日本旅客鉄道株式会社,東日本旅客鐵道,高,日本漢字商號直接沿用；台媒多簡稱JR東日本,,70
日股,4901,FUJIFILM Holdings Corp,富士フイルムホールディングス株式会社,富士軟片控股,高,日文商號「フイルム」為大寫イ,77,71
日股,7936,Asics Corporation,株式会社アシックス,亞瑟士,高,台灣官方名稱即「台灣亞瑟士」,72,82
日股,8267,"AEON Co., Ltd.",イオン株式会社,永旺,高,鉅亨網作「永旺株式會社－亞洲最大零售商」；日常報導常直接寫AEON,,72
日股,8136,Sanrio Co. Ltd.,株式会社サンリオ,三麗鷗,高,鉅亨網作「三麗鷗株式會社」,73,
日股,9022,Central Japan Railway Company,東海旅客鉄道株式会社,東海旅客鐵道,高,日本漢字商號直接沿用；台媒多簡稱JR東海,,73
日股,4543,Terumo Corporation,テルモ株式会社,泰爾茂,高,台灣衛福部食藥署、在台子公司「日商泰爾茂」皆用此譯名,,74
日股,4689,LY Corporation,LINEヤフー株式会社,LINE雅虎,高,台媒常以「LINE母公司」代稱；2023年Z Holdings與LINE、Yahoo Japan合併更名,,75
日股,5711,Mitsubishi Materials Corp.,三菱マテリアル株式会社,三菱綜合材料,高,台媒亦作「三菱材料」,76,
日股,7832,Bandai Namco Holdings Inc.,株式会社バンダイナムコホールディングス,萬代南夢宮控股,高,台灣遊戲及財經媒體慣用「萬代南夢宮」,,76
日股,6330,Toyo Engineering Corporation,東洋エンジニアリング株式会社,東洋工程,中,日文商號為片假名，台媒依英文意譯為「東洋工程」，亦有直接寫 Toyo Engineering,79,
日股,5020,"ENEOS Holdings, Inc.",ENEOSホールディングス株式会社,ENEOS,中,台灣媒體（經濟日報、科技新報、中央社）慣用英文原名ENEOS；MoneyDJ譯「引能仕控股株式會社」；前身為JXTG控股,,79
日股,4452,Kao Corporation,花王株式会社,花王,高,日本漢字商號直接沿用,,80
日股,8830,"Sumitomo Realty & Development Co., Ltd.",住友不動産株式会社,住友不動產,高,鉅亨網作「住友不動產」,,84
日股,7272,"Yamaha Motor Co., Ltd.",ヤマハ発動機株式会社,山葉發動機,高,鉅亨網作「山葉發動機」，台媒亦寫 Yamaha 發動機,85,
日股,1925,"Daiwa House Industry Co., Ltd.",大和ハウス工業株式会社,大和房屋工業,高,公司官方中文名即「大和房屋工業株式會社」；鉅亨網另作「大和家居工業」,,86
日股,4307,"Nomura Research Institute,Ltd.",株式会社野村総合研究所,野村綜合研究所,高,台媒亦常用簡稱 NRI,88,91
日股,9766,KONAMI Group Corporation,コナミグループ株式会社,科樂美,中,鉅亨網作「科樂美(株)」；MoneyDJ與多數台灣遊戲／科技媒體直接寫KONAMI,,88
日股,6594,Nidec Corporation,ニデック株式会社,日本電產,高,2023年4月日文商號改為「ニデック（Nidec）」，但鉅亨網、科技新報等台媒仍慣用「日本電產」；官方中文另作「尼得科」,,89
日股,6361,Ebara Corporation,株式会社荏原製作所,荏原製作所,高,,90,
日股,8473,SBI Holdings Incorporated,株式会社SBIホールディングス,SBI控股,高,鉅亨網作「SBI控股株式會社」,92,
日股,9735,"Secom Co., Ltd.",セコム株式会社,西科姆,高,鉅亨網作「西科姆安防集團」,,92
日股,3659,"NEXON Co., Ltd.",株式会社ネクソン,NEXON,中,台媒直接寫 NEXON（韓資、日本上市遊戲商，楓之谷、天堂M等）,94,
日股,6963,ROHM Company Limited,ローム株式会社,羅姆半導體,高,鉅亨網作「羅姆半導體株式會社」，亦簡稱「羅姆」,95,
日股,3110,"Nitto Boseki Co., Ltd.",日東紡績株式会社,日東紡績,高,日文通稱「日東紡」，玻璃纖維布（BT材料）供應商,96,
日股,4612,"Nippon Paint Holdings Co., Ltd.",日本ペイントホールディングス株式会社,立邦塗料,中,MoneyDJ、經濟日報報導慣用「立邦」／「立邦塗料」；鉅亨網個股頁作「日本塗料株式會社」，正式譯名為日本塗料控股,,96
日股,6506,Yaskawa Electric Corporation,株式会社安川電機,安川電機,高,,97,
日股,7201,"Nissan Motor Co., Ltd.",日産自動車株式会社,日產汽車,高,,98,
日股,4507,"Shionogi & Co., Ltd.",塩野義製薬株式会社,鹽野義製藥,高,鉅亨網、聯合新聞網、MoneyDJ一致用「鹽野義」,,98
日股,581A,GO Inc.,GO株式会社,GO,高,日本最大叫車App業者，2026年於東證上市；台媒無中譯，直接寫「叫車App GO」,99,
日股,7532,Pan Pacific International Holdings Corporation,株式会社パン・パシフィック・インターナショナルホールディングス,泛太平洋國際控股,中,台媒多以「唐吉訶德母公司PPIH」稱之（經濟日報）；鉅亨網個股頁仍用舊名「唐吉訶德株式會社」,,100
韓股,034220,"LG Display Co., Ltd",LG디스플레이,樂金顯示,高,台灣財經媒體慣用譯名，亦常直接寫LG Display,1,
韓股,005930,"Samsung Electronics Co., Ltd.",삼성전자,三星電子,高,,,1
韓股,032940,Wonik Corporation,원익,元益,中,依漢字語還原（원익=元益），原익集團母公司；漢字未見官方標示,2,
韓股,000660,SK hynix Inc.,SK하이닉스,SK海力士,高,,,2
韓股,067290,JW Shinyak Corp.,JW신약,JW新藥,中,依漢字語還原（신약=新藥），JW中外製藥集團旗下,3,
韓股,402340,"SK Square Co., Ltd.",SK스퀘어,SK Square,高,台灣媒體（工商時報等）直接用英文原名，未見通用中譯；為SK海力士母公司,,3
韓股,024840,"KBI METAL Co., Ltd.",KBI메탈,KBI Metal,中,無中文譯名，沿用英文（메탈為外來語metal）,4,
韓股,009150,"Samsung Electro-Mechanics Co., Ltd",삼성전기,三星電機,高,MLCC大廠，工商時報／科技新報均用此名,,4
韓股,004770,Sunny Electronics Corporation,써니전자,Sunny電子,中,「써니」為外來語Sunny，「전자」依漢字語還原為電子,5,
韓股,005380,Hyundai Motor Company,현대자동차,現代汽車,高,,,5
韓股,004310,"Hyundai Pharmaceutical Co., Ltd.",현대약품,現代藥品,中,依漢字語還原（현대약품=現代藥品），與現代汽車集團無關,6,
韓股,373220,LG Energy Solution Ltd.,LG에너지솔루션,LG新能源,中,鉅亨網現多用「LG新能源」，早期IPO時亦寫「LG能源解決方案」,,6
韓股,033790,FINO INC.,피노,Fino,中,無中文譯名，沿用英文；原名서화정보통신，現為中國中偉股份(CNGR)子公司,7,
韓股,207940,"SAMSUNG BIOLOGICS Co., Ltd.",삼성바이오로직스,三星生物製劑,高,亦簡稱「三星生物」,,7
韓股,417010,"NanoTIM Co., Ltd.",나노팀,NanoTIM,中,無中文譯名，沿用英文,8,
韓股,012450,"Hanwha Aerospace Co., Ltd.",한화에어로스페이스,韓華航太,高,中時、中央廣播電台用「韓華航太」；MoneyDJ作「韓華航空航太」,,8
韓股,088350,"HANWHA LIFE INSURANCE Co., Ltd.",한화생명,韓華人壽,高,台灣財經媒體慣用譯名,9,
韓股,028260,SAMSUNG C&T CORP,삼성물산,三星物產,高,在台子公司名為「台灣國際三星物產」,,9
韓股,443670,SPSoft Inc.,에스피소프트,SPSoft,中,無中文譯名，沿用英文,10,
韓股,105560,KB Financial Group Inc.,KB금융지주,KB金融集團,高,旗下為韓國國民銀行(KB Kookmin Bank),,10
韓股,299660,"Cellid Co., Ltd.",셀리드,Cellid,中,無中文譯名，沿用英文,11,
韓股,034020,"Doosan Enerbility Co., Ltd.",두산에너빌리티,斗山能源,高,科技新報用「斗山能源」；舊稱斗山重工業,,11
韓股,256840,BNC KOREA. Inc.,한국비엔씨,韓國BNC,中,韓文原名「한국비엔씨」即Korea BNC，한국依漢字語還原為韓國,12,
韓股,032830,"Samsung Life Insurance Co., Ltd.",삼성생명보험,三星生命保險,高,亦簡稱「三星生命」,,12
韓股,079650,Seosan Corporation,서산,瑞山,中,依漢字語還原，漢字推定為瑞山（公司未標示官方漢字）；業務為預拌混凝土與電動車充電,13,
韓股,055550,"Shinhan Financial Group Co., Ltd.",신한금융지주회사,新韓金融集團,高,旗下為新韓銀行,,13
韓股,332570,"Pentastone Electronics, Inc.",PS일렉트로닉스,PS Electronics,中,無中文譯名，沿用英文；現行韓文股票名為PS일렉트로닉스（피에스일렉트로닉스）,14,
韓股,000270,Kia Corporation,기아,起亞汽車,高,台灣車界多直接寫Kia；舊名기아자동차,,14
韓股,073240,"Kumho Tire Co., Inc.",금호타이어,錦湖輪胎,高,台灣財經媒體慣用譯名,15,
韓股,329180,"HD Hyundai Heavy Industries Co., Ltd.",HD현대중공업,HD現代重工業,高,大紀元等中文媒體用「HD現代重工業」,,15
韓股,041190,"Woori Technology Investment Co., Ltd.",우리기술투자,友利技術投資,中,「우리」為韓語固有語（意為「我們」）無漢字，依Woori慣用音譯「友利」；기술투자=技術投資,16,
韓股,006400,"Samsung SDI Co., Ltd",삼성SDI,三星SDI,高,,,16
韓股,0220W0,"Hanwha Machinery & Service Holdings Co., Ltd.",한화머시너리앤서비스홀딩스,韓華機械服務控股,中,「한화」沿用韓華集團既有譯名，其餘依英文意譯；2026年由(株)韓華分割上市,17,
韓股,068270,"Celltrion, Inc.",셀트리온,賽特瑞恩,高,中央社、工商時報用「賽特瑞恩」；亦常直接寫Celltrion,,17
韓股,328130,Lunit Inc.,루닛,Lunit,高,台灣媒體直接沿用英文原名,18,
韓股,012330,"Hyundai Mobis Co., Ltd",현대모비스,現代摩比斯,高,,,18
韓股,069540,LIGHTRON FIBER-OPTIC DEVICES INC.,빛과전자,光與電子,中,韓文原名「빛과전자」意為「光與電子」（빛=光為固有語），英文名Lightron,19,
韓股,086790,Hana Financial Group Inc.,하나금융지주,韓亞金融集團,高,旗下韓亞銀行已在台設分行（鉅亨網）,,19
韓股,085660,"CHA Biotech Co., Ltd.",차바이오텍,車生物科技,中,「차」為創辦人姓氏車(車)，바이오텍為外來語biotech；亦常寫CHA Biotech,20,
韓股,066570,LG Electronics Inc.,LG전자,LG電子,高,在台法人名為「台灣樂金電器」,,20
韓股,0039P0,"MadUp, Inc.",매드업,MadUp,中,無中文譯名，沿用英文；2026年7月新上市,21,
韓股,035420,NAVER Corp.,네이버,NAVER,高,台灣媒體慣用英文原名NAVER／Naver,,21
韓股,187660,Penetrium Bioscience Inc.,페니트리움바이오사이언스,Penetrium Bioscience,中,無中文譯名，沿用英文；2026年由현대ADM（現代ADM）更名,22,
韓股,010120,"LS Electric Co., Ltd.",LS일렉트릭,LS電氣,中,大紀元、台灣子公司均用「LS電氣」；舊稱LS產電,,22
韓股,900300,Organic Tea Cosmetics Holdings Co. Ltd.,오가닉티코스메틱,有機茶化妝品控股,中,在韓上市之中國（香港控股）企業，依英文名意譯,23,
韓股,034730,SK Inc.,SK주식회사,SK,中,SK集團控股公司，台媒多寫「SK集團」或直接用SK Inc.,,23
韓股,293490,Kakao Games Corp.,카카오게임즈,Kakao Games,高,台灣媒體慣用直接沿用英文原名,24,
韓股,298040,Hyosung Heavy Industries Corp.,효성중공업,曉星重工,高,聯合新聞網、獨家報導用「曉星重工」,,24
韓股,365550,"ESR Kendall Square REIT Co., Ltd.",ESR켄달스퀘어리츠,ESR Kendall Square REIT,中,無中文譯名，沿用英文；리츠=REIT不動產投資信託,25,
韓股,267260,HD Hyundai Electric,HD현대일렉트릭,HD現代電氣,中,韓文為外來語音譯，中文媒體多寫「HD現代電氣」或保留英文,,25
韓股,079160,"CJ CGV Co., Ltd",CJ CGV（씨제이씨지브이）,CJ CGV,高,台灣媒體慣用直接沿用英文原名,26,
韓股,010130,"Korea Zinc Co., Ltd.",고려아연,高麗鋅,高,,,26
韓股,025980,Ananti Inc.,아난티,Ananti,中,無中文譯名，沿用英文,27,
韓股,042660,"Hanwha Ocean Co., Ltd.",한화오션,韓華海洋,高,原大宇造船海洋，2023年改名,,27
韓股,228340,TONGYANG PILE Inc.,동양파일,東洋Pile,中,「동양」依漢字語還原為東洋，「파일」為外來語pile（混凝土基樁），無中文譯名故保留,28,
韓股,000810,"Samsung Fire & Marine Insurance Co., Ltd",삼성화재해상보험,三星火災海上保險,高,亦簡稱「三星火災」,,28
韓股,330350,"WITHUS PHARMACEUTICAL Co., Ltd.",위더스제약,Withus製藥,中,「위더스」為外來語Withus，「제약」依漢字語還原為製藥,29,
韓股,009540,HD KOREA SHIPBUILDING & OFFSHORE ENGINEERING CO. LTD.,HD한국조선해양,HD韓國造船海洋,高,亦簡稱「韓國造船海洋」,,29
韓股,028670,"Pan Ocean Co., Ltd.",팬오션,泛洋海運,高,台灣財經媒體慣用譯名,30,
韓股,005490,POSCO Holdings Inc.,POSCO홀딩스,浦項鋼鐵控股,高,鉅亨網美股頁面即用此名；亦作POSCO控股,,30
韓股,226340,"Bonne Co., Ltd.",본느,Bonne,中,無中文譯名，沿用英文（法語外來語）,31,
韓股,316140,"Woori Financial Group, Inc.",우리금융지주,友利金融集團,高,MoneyDJ用「友利金融集團」,,31
韓股,288980,"Moadata Co., Ltd",모아데이타,Moadata,中,無中文譯名，沿用英文,32,
韓股,196170,ALTEOGEN Inc.,알테오젠,Alteogen,中,台灣生技媒體（GeneOnline等）直接用英文，尚無通用中譯,,32
韓股,091590,"NAM HWA CONSTRUCTION Co., Ltd.",남화토건,南華土建,中,依漢字語還原（남화토건=南華土建）,33,
韓股,015760,Korea Electric Power Corporation,한국전력공사,韓國電力公社,高,簡稱韓電／KEPCO,,33
韓股,054940,EXA E & C Inc.,엑사이엔씨,EXA E&C,中,無中文譯名，沿用英文,34,
韓股,042700,"Hanmi Semiconductor Co., Ltd",한미반도체,韓美半導體,高,鉅亨網用「韓美半導體」；HBM鍵合機大廠,,34
韓股,144960,"New Power Plasma Co., Ltd.",뉴파워프라즈마,New Power Plasma,中,無中文譯名，沿用英文,35,
韓股,017670,"SK Telecom Co., Ltd.",SK텔레콤,SK電訊,高,,,35
韓股,358570,"GI Innovation, Inc.",지아이이노베이션,GI Innovation,中,無中文譯名，沿用英文,36,
韓股,051910,LG Chem Ltd.,LG화학,LG化學,高,在台法人名為「台灣樂金化學」,,36
韓股,020120,"KidariStudio, Inc.",키다리스튜디오,Kidari Studio,中,無中文譯名，沿用英文；「키다리」為固有語（意為長腿／高個子）無漢字,37,
韓股,011200,"HMM CO.,LTD",HMM,HMM,高,台灣媒體慣用英文HMM；舊稱現代商船，維基作韓新遠洋船務,,37
韓股,413630,"CP System Co., Ltd",씨피시스템,CP System,中,無中文譯名，沿用英文,38,
韓股,138040,Meritz Financial Group Inc.,메리츠금융지주,美瑞茲金融集團,中,MoneyDJ譯名；台灣新聞多直接寫Meritz,,38
韓股,014950,"Samik Pharm Co., Ltd.",삼익제약,三益製藥,中,依漢字語還原（삼익제약=三益製藥）,39,
韓股,096770,"SK Innovation Co., Ltd",SK이노베이션,SK創新,高,自由財經、鉅亨網用「SK創新」,,39
韓股,064260,"Danal Co., Ltd",다날,Danal,中,無中文譯名，沿用英文,40,
韓股,018260,"SAMSUNG SDS CO., LTD.",삼성에스디에스,三星SDS,高,,,40
韓股,001510,"SK Securities Co., Ltd.",SK증권,SK證券,高,台灣財經媒體慣用譯名,41,
韓股,000150,Doosan Corporation,두산,斗山,中,斗山集團控股母公司，台媒多寫「斗山」或「斗山集團」,,41
韓股,062970,"KOREA ADVANCED MATERIALS Co.,Ltd.",한국첨단소재,韓國尖端素材,中,依漢字語還原（한국첨단소재=韓國尖端素材）,42,
韓股,033780,KT & G Corporation,KT&G,KT&G,高,台灣媒體慣用英文KT&G；原韓國菸草人蔘公社，在台子公司名「大韓菸草」,,42
韓股,003280,"Heung-A Shipping Co., Ltd",흥아해운,興亞海運,中,依漢字語還原（흥아해운=興亞海運）,43,
韓股,010140,"Samsung Heavy Industries Co., Ltd",삼성중공업,三星重工業,高,亦作「三星重工」,,43
韓股,134580,Topco Media Co.Ltd.,탑코미디어,Topco Media,中,無中文譯名，沿用英文；旗下為웹툰平台탑툰(Toptoon),44,
韓股,278470,"APR Co.,Ltd.",에이피알,APR,高,台灣媒體慣用英文APR；旗下美容儀／美妝品牌 medicube（메디큐브）,,44
韓股,204620,"Global Tax Free Co., Ltd.",글로벌텍스프리,Global Tax Free,中,無中文譯名，沿用英文,45,
韓股,010950,S-Oil Corporation,에쓰오일,S-Oil,高,台灣媒體慣用英文S-Oil；舊稱雙龍煉油,,45
韓股,302430,"Innometry Co., Ltd.",이노메트리,Innometry,中,無中文譯名，沿用英文,46,
韓股,003550,LG Corp,LG,LG,高,LG集團控股公司，台灣媒體慣用英文LG；亦作樂金,,46
韓股,000370,"Hanwha General Insurance Co., Ltd",한화손해보험,韓華損害保險,高,台灣財經媒體慣用譯名，亦作韓華產險,47,
韓股,024110,Industrial Bank Of Korea,IBK기업은행,韓國企業銀行,中,正式名為中小企業銀行，官方中文網用「韓國中小企業銀行」，簡稱IBK,,47
韓股,003530,HANWHA INVESTMENT&SECURITIES Co. Ltd.,한화투자증권,韓華投資證券,高,台灣財經媒體慣用譯名,48,
韓股,003670,"POSCO FUTURE M CO., LTD.",포스코퓨처엠,浦項未來M,低,台灣媒體多直接用英文POSCO Future M；浦項控股旗下電池材料公司，原名浦項化學,,48
韓股,487400,"KNS, Inc.",케이앤에스아이앤씨,KNS I&C,中,無中文譯名，沿用英文；2026年8月新上市，衛星通訊天線廠,49,
韓股,006800,"MIRAE ASSET SECURITIES CO., LTD.",미래에셋증권,未來資產證券,高,在台法人名為「未來資產證券投資信託」,,49
韓股,225190,LK SAMYANG CO. LTD,엘케이삼양,LK三養,中,「삼양」依漢字語還原為三養；原名삼양옵틱스（三養光學）,50,
韓股,035720,Kakao Corp.,카카오,Kakao,高,台灣媒體慣用英文Kakao,,50
韓股,001740,"SK Networks Co., Ltd.",SK네트웍스,SK網絡,高,台灣財經媒體慣用譯名,51,
韓股,079550,LIG Defense&Aerospace,LIG디펜스앤에어로스페이스,LIG Defense & Aerospace（原LIG Nex1）,中,台媒（獨家報導等）慣用英文原名「LIG Nex1」；2026年3月宣布更名、4月14日變更上市為LIG Defense & Aerospace，中文尚無定譯,,51
韓股,137310,"SD Biosensor, Inc.",에스디바이오센서,SD Biosensor,高,台媒直接沿用英文原名,52,
韓股,267250,"HD HYUNDAI CO.,LTD.",HD현대,HD現代,高,原現代重工控股，2023年更名；科技新報、經濟日報等均用「HD現代」,,52
韓股,036540,"SFA Semicon Co., Ltd.",SFA반도체,SFA半導體,中,依漢字語還原（반도체＝半導體）,53,
韓股,086280,"HYUNDAI GLOVIS Co., Ltd.",현대글로비스,現代格羅唯視,中,台媒亦常直接寫「Hyundai Glovis／現代Glovis」；現代汽車集團旗下物流公司,,53
韓股,465770,STX Green Logis Ltd,STX그린로지스,STX Green Logis,中,無中文譯名，沿用英文,54,
韓股,064350,Hyundai Rotem Co.,현대로템,現代樂鐵,高,DIGITIMES、台灣分公司官方粉專均用「現代樂鐵」,,54
韓股,198440,KANGDONG C&L co. Ltd,강동씨앤엘,江東C&L,中,依漢字語還原；前身為고려시멘트（高麗水泥）,55,
韓股,011070,"LG Innotek Co., Ltd",LG이노텍,LG Innotek,高,鉅亨網、ETtoday、MoneyDJ均直接用英文原名；「LG伊諾特」多為中國大陸譯法，台媒罕用,,55
韓股,018880,Hanon Systems,한온시스템,翰昂系統,高,台灣財經媒體慣用譯名,56,
韓股,000720,"Hyundai Engineering & Construction Co., Ltd",현대건설,現代建設,高,Hyundai E&C，現代汽車集團旗下營建公司,,56
韓股,108230,Toptec Corp.,톱텍,Toptec,中,無中文譯名，沿用英文,57,
韓股,272210,"Hanwha Systems Co., Ltd.",한화시스템,韓華系統,高,DIGITIMES、Business Wire中文稿均用「韓華系統」,,57
韓股,462860,Dozn Inc.,더즌,Dozn,中,無中文譯名，沿用英文,58,
韓股,030200,KT Corporation,케이티（KT）,KT,高,台媒多直接寫KT；MoneyDJ標示為「KT Corporation（韓國電信公司）」,,58
韓股,064550,Bioneer Corporation,바이오니아,Bioneer,中,無中文譯名，沿用英文,59,
韓股,047810,"Korea Aerospace Industries, Ltd.",한국항공우주산업,韓國航空宇宙產業（KAI）,高,自由財經等使用「韓國航空宇宙產業」；KF-21戰機製造商,,59
韓股,215600,"SillaJen, Inc.",신라젠,SillaJen,中,無中文譯名，沿用英文（신라＝新羅）,60,
韓股,086520,"Ecopro Co., Ltd.",에코프로,Ecopro,中,台媒（鉅亨、DIGITIMES、MoneyDJ）均用英文原名，無通用中譯；「艾科普洛」非台媒慣用,,60
韓股,126640,"Hwashin Precision Co., Ltd",화신정공,華信精工,中,依漢字語還原,61,
韓股,078930,GS Holdings Corp.,지에스（GS）,GS控股,中,台媒多寫「GS集團」；此為集團控股母公司，旗下有GS加德士(GS Caltex),,61
韓股,101360,"Eco&Dream Co., Ltd.",에코앤드림,Eco&Dream,中,無中文譯名，沿用英文,62,
韓股,247540,"Ecopro BM Co., Ltd.",에코프로비엠,Ecopro BM,高,DIGITIMES、財報狗等台媒均用「EcoPro BM／Ecopro BM」英文原名,,62
韓股,017900,AUK CORP.,광전자,光電子,中,依漢字語還原,63,
韓股,003230,"Samyang Foods Co., Ltd",삼양식품,三養食品,高,火辣雞肉風味炒麵（辣雞麵）製造商,,63
韓股,090710,"Hyulim ROBOT Co., Ltd.",휴림로봇,Hyulim Robot,中,휴림查無對應漢字，沿用英文,64,
韓股,307950,Hyundai Autoever Corp.,현대오토에버,現代Autoever,中,台媒少有中譯，亦常寫「Hyundai AutoEver」；現代汽車集團車用軟體／IT公司,,64
韓股,048410,HYUNDAI BIOSCIENCE CO. LTD.,현대바이오사이언스,現代Bioscience,中,依漢字語還原（현대＝現代），後段為外來語,65,
韓股,071050,KOREA INVESTMENT HOLDINGS CO LTD,한국금융지주,韓國投資控股,中,韓文法定商號為「한국금융지주」（韓國金融控股），英文官方名為Korea Investment Holdings；旗下為韓國投資證券,,65
韓股,351320,Nexa Dynamics Co. Ltd.,넥사다이내믹스,Nexa Dynamics,中,無中文譯名，沿用英文；前身에스에이티이엔지（SAT ENG）,66,
韓股,003490,"Korean Air Lines Co., Ltd.",대한항공,大韓航空,高,2024年底完成併購韓亞航空,,66
韓股,027360,"AJU IB INVESTMENT CO., LTD.",아주IB투자,亞洲IB投資,中,依漢字語還原（아주＝亞洲、투자＝投資）,67,
韓股,323410,KakaoBank Corp.,카카오뱅크,Kakao Bank,高,台媒（經濟日報、工商時報、科技新報）慣用英文原名KakaoBank／Kakao Bank，或稱「南韓純網銀Kakao Bank」,,67
韓股,382800,"GnBS eco Co.,Ltd",지앤비에스 에코,GnBS eco,中,無中文譯名，沿用英文,68,
韓股,005830,DB INSURANCE CO. LTD,DB손해보험,DB損害保險,中,亦作「DB產險」；原東部火災海上保險,,68
韓股,047770,"Codes Combine Co., Ltd",코데즈컴바인,Codes Combine,中,無中文譯名，沿用英文,69,
韓股,005940,NH INVESTMENT & SECURITIES CO.LTD.,NH투자증권,NH投資證券,高,農協金融控股旗下券商,,69
韓股,388050,G2Power Co. Ltd,지투파워,G2Power,中,無中文譯名，沿用英文,70,
韓股,443060,"HD Hyundai Marine Solution Co., Ltd.",HD현대마린솔루션,HD現代Marine Solution,低,台媒尚無定譯，多直接用英文「HD Hyundai Marine Solution」；2024年5月上市，HD現代旗下船舶售後服務公司,,70
韓股,006910,"Bosung Power Technology Co., Ltd.",보성파워텍,寶城Powertec,中,보성依漢字語還原為寶城，後段為外來語,71,
韓股,259960,"Krafton, Inc.",크래프톤,Krafton,高,台媒（鉅亨、科技新報、聯合報遊戲角落、ETtoday）一律用英文原名；《絕地求生PUBG》開發商,,71
韓股,223310,Satoshi Holdings Co. Ltd.,사토시홀딩스,Satoshi Holdings,中,無中文譯名，沿用英文,72,
韓股,028050,SAMSUNG E&A CO. LTD.,삼성E&A（삼성이앤에이）,三星E&A,高,2024年3月由「三星工程（Samsung Engineering）」更名,,72
韓股,253840,"Sugentech, Inc.",수젠텍,Sugentech,中,無中文譯名，沿用英文,73,
韓股,090430,Amorepacific Corp.,아모레퍼시픽,愛茉莉太平洋,高,台灣子公司登記名即為「愛茉莉太平洋股份有限公司」,,73
韓股,222040,COSMAX NBT INC.,코스맥스엔비티,科絲美詩NBT,中,COSMAX集團中文名為科絲美詩,74,
韓股,0126Z0,"Samsung Epis Holdings Co., Ltd.",삼성에피스홀딩스,三星Epis控股,低,2025年11月自三星生物製劑（Samsung Biologics）人的分割新設並同步上市，持有三星Bioepis；台媒尚無定譯,,74
韓股,050890,SOLiD Inc.,쏠리드,SOLiD,中,無中文譯名，沿用英文,75,
韓股,047050,POSCO INTERNATIONAL Corporation,포스코인터내셔널,浦項國際,高,在台設有「韓商浦項國際股份有限公司台灣分公司」；原大宇國際,,75
韓股,058730,"Development Advance Solution Co., Ltd",다스코,DASCO,中,韓文社名為다스코（DASCO），無中文譯名，沿用英文,76,
韓股,277810,"Rainbow Robotics, Inc.",레인보우로보틱스,Rainbow Robotics,高,台媒（科技新報、鉅亨、工商時報、ETtoday、MoneyDJ、自由財經）一律沿用英文原名，未見中譯,,76
韓股,077500,Uniquest Corporation,유니퀘스트,Uniquest,中,無中文譯名，沿用英文,77,
韓股,180640,HANJIN KAL Corp.,한진칼,韓進KAL,中,한진＝韓進，KAL為大韓航空代碼；台媒多寫「韓進集團控股公司」，專名少見，依漢字語還原,,77
韓股,046970,"WOORIRO CO., LTD.",우리로,Wooriro,中,우리為固有語無漢字，沿用英文,78,
韓股,006260,LS Corp.,"LS（엘에스, LS주식회사）",LS集團,中,經濟日報作「韓國LS集團」、工商時報作「LS公司」；鉅亨個股頁作「LS株式會社」,,78
韓股,005880,Korea Line Corporation,대한해운,大韓海運,高,台灣財經媒體慣用譯名,79,
韓股,007660,"ISU Petasys Co., Ltd.",이수페타시스,梨樹飛達,中,鉅亨、經濟日報報導泰鼎合資案時作「韓PCB廠梨樹飛達」；工商時報與MoneyDJ多直接寫 ISU Petasys,,79
韓股,222080,"SFA NEXEL Co., Ltd.",SFA넥셀,SFA Nexel,中,無中文譯名，沿用英文,80,
韓股,161390,"HANKOOK TIRE & TECHNOLOGY Co., Ltd.",한국타이어앤테크놀로지,韓泰輪胎,高,台灣子公司官方中文名即「韓泰輪胎」，經濟日報、工商時報、自由時報、udn一致採用,,80
韓股,121850,"KOYJ CO., LTD.",코이즈,KOYJ,中,無中文譯名，沿用英文,81,
韓股,047040,"Daewoo Engineering & Construction Co., Ltd",대우건설,大宇建設,高,大宇集團為台媒慣用譯名；鉅亨個股頁誤植為「大宇建設機械公司」,,81
韓股,018000,Unison Co Ltd,유니슨,Unison,中,無中文譯名，沿用英文,82,
韓股,036930,"Jusung Engineering Co., Ltd",주성엔지니어링,周星工程,中,依漢字語還原（주성＝周星）；台媒報導多直接寫 Jusung Engineering,,82
韓股,243840,"SHIN HEUNG ENERGY & ELECTRONICS Co., Ltd.",신흥에스이씨,新興SEC,中,依漢字語還原,83,
韓股,016360,"Samsung Securities Co., Ltd.",삼성증권,三星證券,高,鉅亨個股頁作「三星證券株式會社」,,83
韓股,142280,GC Medical Science Corporation,녹십자엠에스,綠十字MS,中,依漢字語還原（녹십자＝綠十字）,84,
韓股,352820,"HYBE Co., Ltd.",하이브,HYBE,高,鉅亨、工商時報、MoneyDJ、ETtoday、中央社皆用英文原名，常稱「BTS經紀公司HYBE」,,84
韓股,072770,MemRAY BT Co. LTD.,멤레이비티,MemRAY BT,中,無中文譯名，沿用英文；前身為율호,85,
韓股,064400,"LG CNS Co., Ltd.",LG씨엔에스（LG CNS）,LG CNS,中,台媒沿用英文原名，無中譯,,85
韓股,042510,"RaonSecure Co., Ltd.",라온시큐어,RaonSecure,中,라온為固有語無漢字，沿用英文,86,
韓股,009830,HANWHA SOLUTIONS CORPORATION,한화솔루션,韓華思路信,中,「韓華思路信」為公司官方中文名；台媒多逕稱「韓華」，旗下太陽能品牌寫作「韓華Qcells」；鉅亨個股頁仍用舊名「韓華石油化學」,,86
韓股,032580,"Fidelix Co., Ltd",피델릭스,Fidelix,中,無中文譯名，沿用英文,87,
韓股,039490,"Kiwoom Securities Co., Ltd",키움증권,Kiwoom證券,中,키움為純韓語（無對應漢字）；MoneyDJ、鉅亨均用 KIWOOM Securities,,87
韓股,393890,"W-SCOPE CHUNGJU PLANT Co., Ltd.",더블유씨피,WCP,中,韓文社名為더블유씨피（WCP），沿用英文；忠州廠,88,
韓股,021240,"Coway Co., Ltd.",코웨이,Coway,高,台灣以「韓國Coway」行銷，udn、ETtoday、經濟日報皆用英文原名；舊稱熊津Coway（웅진코웨이）,,88
韓股,025860,Namhae Chemical Corporation,남해화학,南海化學,中,依漢字語還原,89,
韓股,326030,"SK Biopharmaceuticals Co., Ltd.",SK바이오팜,SK生物製藥,中,科技新報等台媒多直接寫 SK Biopharm／SK Biopharmaceuticals，「SK生物製藥」為通行意譯,,89
韓股,192650,"Dreamtech Co., Ltd.",드림텍,Dreamtech,中,無中文譯名，沿用英文,90,
韓股,267270,"HD Construction Equipment Co., Ltd.",HD건설기계,HD建設機械,中,2026年1月由HD現代建設機械與HD現代인프라코어合併更名為HD건설기계；台媒對同集團公司寫法為「HD現代電氣」，本檔依漢字語還原,,90
韓股,192410,ONEUL E&M co.Ltd.,오늘이엔엠,ONEUL E&M,中,오늘為固有語無漢字，沿用英文；前身휴림네트웍스,91,
韓股,128940,"Hanmi Pharmaceutical Co., Ltd.",한미약품,韓美藥品,高,漢字語直接對應（한미＝韓美、약품＝藥品）,,91
韓股,483350,Dealicious Inc.,딜리셔스,Dealicious,中,無中文譯名，沿用英文,92,
韓股,000880,Hanwha Corp,한화,韓華,中,鉅亨個股頁作「韓華企業」；台媒多稱「韓華集團」，所指即此控股暨貿易母公司,,92
韓股,365660,Lemon Healthcare Co.,레몬헬스케어,Lemon Healthcare,中,無中文譯名，沿用英文,93,
韓股,377300,kakaopay Corp.,카카오페이,Kakao Pay,高,經濟日報、鉅亨、MoneyDJ、科技新報一致寫 Kakao Pay，亦稱「韓國版支付寶」,,93
韓股,441270,"Fine M-Tec Co.,Ltd.",파인엠텍,Fine M-Tec,中,無中文譯名，沿用英文,94,
韓股,032640,LG Uplus Corp,LG유플러스,LG U+,高,經濟日報、自由時報、udn作「LG U+」或「LGU+」；鉅亨個股頁仍用舊名「LG移動電話（LG TeleCom）」,,94
韓股,265740,NFC Corporation,엔에프씨,NFC,中,無中文譯名，沿用英文,95,
韓股,062040,"Sanil Electric Co., Ltd.",산일전기,山一電氣,中,依漢字語還原（전기＝電氣）；台媒無中譯，MoneyDJ與科技新報用 Sanil Electric，亦有作「山一電機」,,95
韓股,094480,GalaxiaMoneytree Co. Ltd,갤럭시아머니트리,GalaxiaMoneytree,中,無中文譯名，沿用英文,96,
韓股,000500,"Gaon Cable Co., Ltd.",가온전선,Gaon Cable,中,「가온」為純韓語（意為中央）無對應漢字，台媒無譯名故採英文原名；「전선」漢字為電線，陸媒音譯作「加溫電線」,,96
韓股,289080,SV INVESTMENT Corp.,SV인베스트먼트,SV Investment,中,無中文譯名，沿用英文,97,
韓股,241560,Doosan Bobcat Inc.,두산밥캣,斗山Bobcat,中,udn、MoneyDJ直接寫 Doosan Bobcat；두산＝斗山，밥캣為Bobcat音譯，中文圈亦見「斗山山貓」,,97
韓股,038500,SAMPYO Cement Co. Ltd.,삼표시멘트,三表水泥,高,台灣財經媒體慣用譯名（삼표＝三表）,98,
韓股,000100,Yuhan Corporation,유한양행,柳韓洋行,高,公司漢字正名即「柳韓洋行」,,98
韓股,279570,"K Bank Co., Ltd.",케이뱅크,K Bank,高,台媒多沿用英文原名K Bank（韓國網路銀行）,99,
韓股,001440,"Taihan Cable & Solution Co., Ltd.",대한전선,大韓電線,高,MoneyDJ條目作「Taihan Electric Wire，大韓電線」；韓文社名未變，2021年英文名改為Taihan Cable & Solution,,99
韓股,031330,"SAMT Co., Ltd.",에스에이엠티,SAMT,中,無中文譯名，沿用英文,100,
韓股,240810,"Wonik IPS Co., Ltd.",원익IPS,元益IPS,中,依漢字語還原（원익＝元益）；台媒多直接寫 Wonik IPS,,100
韓股,028300,"HLB Co., Ltd.",에이치엘비,HLB,高,台媒（MoneyDJ 等）一律直接寫英文原名 HLB，無中譯；韓文上市名為諺文音譯。抗癌藥 rivoceranib（리보세라닙）開發商；手動補登,,
韓股,001210,"Kumho Electric, Inc.",금호전기,錦湖電機,高,MoneyDJ 財經百科作「錦湖電機」；漢字語直接對應，與台媒對금호的譯法「錦湖」一致；手動補登,,
韓股,002990,"KUMHO Engineering & Construction Co., Ltd.",금호건설,錦湖建設,中,依漢字語還原；2021 年由 금호산업（錦湖產業）更名為 금호건설，台媒無個別譯名；手動補登,,
美股,SNDK,Sandisk Corporation,SanDisk Corporation,SanDisk,高,台媒（工商時報、自由財經、鉅亨網）直接用英文原名 SanDisk；消費通路另用「晟碟」。2025 年自威騰電子（Western Digital）分拆獨立上市,1,
美股,NVDA,NVIDIA Corporation,NVIDIA Corporation,輝達,高,台灣官方及媒體統一用「輝達」，非中國的「英偉達」,2,
美股,TSLA,"Tesla, Inc.","Tesla, Inc.",特斯拉,高,,3,
美股,MU,"Micron Technology, Inc.","Micron Technology, Inc.",美光,高,台灣子公司名為台灣美光,4,
美股,MSFT,Microsoft Corporation,Microsoft Corporation,微軟,高,,5,
美股,AAPL,Apple Inc.,Apple Inc.,蘋果,高,,6,
美股,AMZN,"Amazon.com, Inc.","Amazon.com, Inc.",亞馬遜,高,,7,
美股,SPCX,Space Exploration Technologies Corp,Space Exploration Technologies Corp.,SpaceX,高,台媒（自由財經、商周、鉅亨）一律寫 SpaceX，偶用「太空探索科技公司」；2026 年 6 月掛牌,8,
美股,AVGO,Broadcom Inc.,Broadcom Inc.,博通,高,,9,
美股,GOOG,Alphabet Inc. Class C,Alphabet Inc.,Alphabet,高,台媒常寫「Google 母公司 Alphabet」，母公司層級不譯中文,10,
美股,META,Meta Platforms Inc Class A,"Meta Platforms, Inc.",Meta,高,台媒用英文原名 Meta，會加註「臉書母公司」,11,
美股,AMD,"Advanced Micro Devices, Inc.","Advanced Micro Devices, Inc.",超微,高,全稱「超微半導體」,12,
美股,INTC,Intel Corporation,Intel Corporation,英特爾,高,,13,
美股,CRM,"Salesforce, Inc.","Salesforce, Inc.",Salesforce,高,台媒用英文原名；「賽富時」為中國譯名，台灣不用,14,
美股,MRVL,"Marvell Technology, Inc.","Marvell Technology, Inc.",邁威爾,高,全稱「邁威爾科技」,15,
美股,PLTR,Palantir Technologies Inc. Class A,Palantir Technologies Inc.,Palantir,高,台媒新聞用英文原名；鉅亨個股頁作「帕蘭提爾科技」,16,
美股,CRWD,"CrowdStrike Holdings, Inc. Class A","CrowdStrike Holdings, Inc.",CrowdStrike,高,台媒用英文原名，鉅亨個股頁作「CrowdStrike 控股」,17,
美股,NOW,"ServiceNow, Inc.","ServiceNow, Inc.",ServiceNow,高,台媒用英文原名,18,
美股,WMT,Walmart Inc.,Walmart Inc.,沃爾瑪,高,,19,
美股,LLY,Eli Lilly and Company,Eli Lilly and Company,禮來,高,全稱「美國禮來大藥廠」,20,
美股,DELL,"Dell Technologies, Inc. Class C",Dell Technologies Inc.,戴爾,高,全稱「戴爾科技」,21,
美股,PANW,"Palo Alto Networks, Inc.","Palo Alto Networks, Inc.",Palo Alto Networks,高,台媒用英文原名，中文多寫「資安大廠 Palo Alto Networks」,22,
美股,MSTR,Strategy Inc Class A,Strategy Inc.,微策略,高,原名 MicroStrategy，2025 年更名 Strategy；台媒（鉅亨、動區）仍慣稱「微策略」，新聞中亦直接寫 Strategy,23,
美股,GEV,GE Vernova Inc.,GE Vernova Inc.,GE Vernova,中,2024 年自奇異（GE）分拆；台媒多保留英文原名，少數寫「奇異維諾瓦」或「奇異能源事業」,24,
美股,XOM,Exxonmobil Holdings Corporation,ExxonMobil Holdings Corporation,埃克森美孚,高,2026 年完成遷冊德州、改為控股公司架構，中文名不變；台媒亦見「艾克森美孚」,25,
美股,LITE,"Lumentum Holdings, Inc.","Lumentum Holdings, Inc.",Lumentum,高,台媒（鉅亨焦點股、永豐）用英文原名，稱美系光通訊大廠,26,
美股,STX,Seagate Technology Holdings PLC,Seagate Technology Holdings plc,希捷,高,,27,
美股,JPM,JPMorgan Chase & Co.,JPMorgan Chase & Co.,摩根大通,高,,28,
美股,AMAT,"Applied Materials, Inc.","Applied Materials, Inc.",應用材料,高,簡稱「應材」,29,
美股,BAC,Bank of America Corp,Bank of America Corporation,美國銀行,高,,30,
美股,WDC,Western Digital Corporation,Western Digital Corporation,威騰電子,高,簡稱「威騰」,31,
美股,MRNA,"Moderna, Inc.","Moderna, Inc.",莫德納,高,,32,
美股,V,Visa Inc. Class A,Visa Inc.,Visa,高,台媒用英文原名 Visa，不譯中文,33,
美股,NFLX,"Netflix, Inc.","Netflix, Inc.",Netflix,高,台媒新聞多寫 Netflix，鉅亨個股頁作「網飛」,34,
美股,CVX,Chevron Corporation,Chevron Corporation,雪佛龍,高,,35,
美股,CAT,Caterpillar Inc.,Caterpillar Inc.,開拓重工,中,鉅亨新聞與財報狗用「開拓重工」，鉅亨個股頁與 MoneyDJ 用「卡特彼勒」，兩者台媒皆見,36,
美股,ORCL,Oracle Corporation,Oracle Corporation,甲骨文,高,,37,
美股,HWM,Howmet Aerospace Inc.,Howmet Aerospace Inc.,Howmet 航太,中,鉅亨個股頁作「Howmet航太」；台媒新聞多直接寫 Howmet Aerospace，尚無統一中譯,38,
美股,CSCO,"Cisco Systems, Inc.","Cisco Systems, Inc.",思科,高,,39,
美股,COST,Costco Wholesale Corporation,Costco Wholesale Corporation,好市多,高,,40,
美股,UNH,UnitedHealth Group Incorporated,UnitedHealth Group Incorporated,聯合健康,高,全稱「聯合健康集團」,41,
美股,NBIS,Nebius Group N.V. Class A,Nebius Group N.V.,Nebius,高,台媒（鉅亨、MoneyDJ）用英文原名 Nebius；前身為俄羅斯 Yandex N.V.,42,
美股,QCOM,QUALCOMM Incorporated,QUALCOMM Incorporated,高通,高,,43,
美股,SLB,SLB Limited,SLB Limited,斯倫貝謝,中,原名 Schlumberger，2022 年改用 SLB 品牌；鉅亨、永豐用「斯倫貝謝」，台媒新聞常直接寫 SLB,44,
美股,KO,Coca-Cola Company,The Coca-Cola Company,可口可樂,高,,45,
美股,NEM,Newmont Corporation,Newmont Corporation,紐蒙特,高,鉅亨個股頁作「紐蒙特」，全球最大金礦商,46,
美股,JNJ,Johnson & Johnson,Johnson & Johnson,嬌生,高,,47,
美股,LRCX,Lam Research Corporation,Lam Research Corporation,科林研發,高,台灣官方譯名，非中國的「拉姆研究」,48,
美股,BE,Bloom Energy Corporation Class A,Bloom Energy Corporation,Bloom Energy,中,台媒新聞多用英文原名並稱「燃料電池大廠」；鉅亨個股頁作「布魯姆能源」,49,
美股,SUNB,Sunbelt Rentals Holdings Inc,"Sunbelt Rentals Holdings, Inc.",Sunbelt Rentals,低,原英國 Ashtead Group plc，2026 年遷冊美國並更名，於紐約證交所掛牌；台媒尚無固定中譯，多寫英文原名或「設備租賃商 Sunbelt Rentals」,50,
美股,PCG,PG&E Corporation,PG&E Corporation,太平洋瓦電,高,台灣媒體與維基多稱「太平洋瓦電」；鉅亨網作「太平洋電力瓦斯」，多數新聞直接寫 PG&E,51,
美股,ATI,ATI Inc,ATI Inc. (原 Allegheny Technologies Incorporated),ATI,中,台媒無通用中譯，沿用英文；MoneyDJ、鉅亨皆保留 ATI Inc.，中國譯「冶聯科技」台灣不用,52,
美股,COIN,"Coinbase Global, Inc. Class A","Coinbase Global, Inc.",Coinbase,高,台媒（鉅亨、經濟日報）慣用英文原名 Coinbase,53,
美股,CRS,Carpenter Technology Corporation,Carpenter Technology Corporation,卡本特科技,中,MoneyDJ 譯「卡本特科技」，鉅亨網作「卡朋特科技」，兩者並用,54,
美股,CRCL,"Circle Internet Group, Inc. Class A","Circle Internet Group, Inc.",Circle,高,USDC 發行商；台媒（鉅亨、數位時代）一律寫英文 Circle,55,
美股,NVT,nVent Electric plc,nVent Electric plc,nVent Electric,中,台媒無通用中譯，沿用英文；鉅亨、CMoney 皆保留英文原名,56,
美股,MA,Mastercard Incorporated Class A,Mastercard Incorporated,萬事達卡,高,台灣媒體標準用法,57,
美股,TYL,"Tyler Technologies, Inc.","Tyler Technologies, Inc.",泰勒科技,中,MoneyDJ 譯「泰勒科技公司」，鉅亨網保留英文,58,
美股,PG,Procter & Gamble Company,The Procter & Gamble Company,寶僑,高,台灣用「寶僑」（寶僑家品），非中國的「寶潔」,59,
美股,HOOD,"Robinhood Markets, Inc. Class A","Robinhood Markets, Inc.",Robinhood,高,台媒慣用英文原名 Robinhood,60,
美股,WFC,Wells Fargo & Company,Wells Fargo & Company,富國銀行,高,台灣媒體標準用法,61,
美股,MRK,"Merck & Co., Inc.","Merck & Co., Inc.",默克,高,鉅亨網作「默克藥廠」；醫藥業界與 MoneyDJ 稱「默沙東（MSD）」以區別德國默克,62,
美股,LULU,lululemon athletica inc.,lululemon athletica inc.,lululemon,高,台媒慣用英文小寫原名 lululemon,63,
美股,TJX,TJX Companies Inc,"The TJX Companies, Inc.",TJX,高,台媒慣用英文原名 TJX（旗下 T.J.Maxx、Marshalls）,64,
美股,HPE,Hewlett Packard Enterprise Co.,Hewlett Packard Enterprise Company,慧與科技,高,台灣正式中文名「慧與科技」，台媒亦常直接寫 HPE,65,
美股,APP,AppLovin Corp. Class A,AppLovin Corporation,AppLovin,高,台媒慣用英文原名 AppLovin,66,
美股,TRMB,Trimble Inc.,Trimble Inc.,天寶,中,鉅亨作「天寶導航」、MoneyDJ 作「天寶公司」，台灣代理商稱「天寶 Trimble」,67,
美股,ADBE,Adobe Inc.,Adobe Inc.,Adobe,高,台媒慣用英文原名 Adobe,68,
美股,IONQ,"IonQ, Inc.","IonQ, Inc.",IonQ,高,台媒慣用英文原名 IonQ（量子運算）,69,
美股,WMB,"Williams Companies, Inc.","The Williams Companies, Inc.",威廉斯,高,鉅亨作「威廉斯」、MoneyDJ 作「威廉斯公司」；非中國的「威廉姆斯」,70,
美股,GGG,Graco Inc.,Graco Inc.,固瑞克,高,MoneyDJ 與公司官方中文名皆為「固瑞克」,71,
美股,TTWO,"Take-Two Interactive Software, Inc.","Take-Two Interactive Software, Inc.",Take-Two,高,台媒慣用英文原名 Take-Two（GTA 開發商）,72,
美股,GE,GE Aerospace,GE Aerospace (法人名 General Electric Company),奇異航太,高,台灣沿用「奇異」品牌，分拆後稱「奇異航太」,73,
美股,TXN,Texas Instruments Incorporated,Texas Instruments Incorporated,德州儀器,高,台灣媒體標準用法,74,
美股,IREN,IREN Limited,IREN Limited,IREN,高,台媒無通用中譯，沿用英文；經濟日報、科技新報、鉅亨皆寫 IREN（原 Iris Energy）,75,
美股,SNOW,"Snowflake, Inc.",Snowflake Inc.,Snowflake,高,台媒慣用英文原名 Snowflake,76,
美股,IBM,International Business Machines Corporation,International Business Machines Corporation,IBM,高,台媒慣用英文縮寫 IBM；正式中譯「國際商業機器」僅見於鉅亨報價頁,77,
美股,GLW,Corning Inc,Corning Incorporated,康寧,高,台灣媒體標準用法,78,
美股,COHR,Coherent Corp.,Coherent Corp.,Coherent,高,台媒無通用中譯，沿用英文；鉅亨、科技新報光通訊新聞皆寫 Coherent,79,
美股,UBER,"Uber Technologies, Inc.","Uber Technologies, Inc.",Uber,高,台媒慣用英文原名 Uber,80,
美股,GS,"Goldman Sachs Group, Inc.","The Goldman Sachs Group, Inc.",高盛,高,台灣媒體標準用法,81,
美股,ABNB,"Airbnb, Inc. Class A","Airbnb, Inc.",Airbnb,高,台媒慣用英文原名 Airbnb,82,
美股,NU,Nu Holdings Ltd. Class A,Nu Holdings Ltd.,Nu Holdings,中,台媒無通用中譯，沿用英文；多寫「巴西數位銀行 Nubank 母公司 Nu Holdings」,83,
美股,MCD,McDonald's Corporation,McDonald's Corporation,麥當勞,高,台灣媒體標準用法,84,
美股,ROIV,Roivant Sciences Ltd.,Roivant Sciences Ltd.,Roivant Sciences,中,台媒無通用中譯，沿用英文；鉅亨、MoneyDJ 皆保留英文原名,85,
美股,MPC,Marathon Petroleum Corporation,Marathon Petroleum Corporation,馬拉松石油,中,鉅亨網作「馬拉松石油」，部分媒體作「馬拉松原油」以區別 Marathon Oil (MRO),86,
美股,SWKS,"Skyworks Solutions, Inc.","Skyworks Solutions, Inc.",思佳訊,高,MoneyDJ 與台灣代理商（大聯大）皆用「思佳訊」，台媒亦常寫 Skyworks,87,
美股,EIX,Edison International,Edison International,愛迪生國際,高,鉅亨網、CMoney 用法；旗下為南加州愛迪生電力,88,
美股,KLAC,KLA Corporation,KLA Corporation,科磊,高,台灣半導體媒體標準用法,89,
美股,CLX,Clorox Company,The Clorox Company,高樂氏,高,鉅亨網與台灣通路品牌名皆為「高樂氏」,90,
美股,PFE,Pfizer Inc.,Pfizer Inc.,輝瑞,高,台灣媒體標準用法,91,
美股,PNR,Pentair plc,Pentair plc,濱特爾,中,MoneyDJ 作「濱特爾公開有限公司」；台媒新聞多直接寫 Pentair,92,
美股,AVY,Avery Dennison Corporation,Avery Dennison Corporation,艾利丹尼森,中,公司繁中官網自稱「艾利丹尼森」，台媒新聞少見中譯,93,
美股,VLO,Valero Energy Corporation,Valero Energy Corporation,瓦萊羅能源,高,鉅亨網、MoneyDJ 一致用法,94,
美股,CSL,Carlisle Companies Incorporated,Carlisle Companies Incorporated,卡萊爾,中,MoneyDJ 作「卡萊爾夥伴公司」；與私募基金 Carlyle（凱雷）不同公司,95,
美股,HD,"Home Depot, Inc.","The Home Depot, Inc.",家得寶,高,台灣媒體多寫「家得寶」,96,
美股,MCK,McKesson Corporation,McKesson Corporation,麥克森,中,北美最大藥品配銷商，台媒多寫「麥克森」或直接用 McKesson,97,
美股,CNH,CNH Industrial NV,CNH Industrial N.V.,凱斯紐荷蘭工業,中,鉅亨網、MoneyDJ 用法（原代號 CNHI）,98,
美股,DLR,"Digital Realty Trust, Inc.","Digital Realty Trust, Inc.",數位不動產信託,中,鉅亨網譯名；台媒資料中心 REITs 新聞多直接寫 Digital Realty,99,
美股,RPM,RPM International Inc.,RPM International Inc.,RPM International,中,台媒無通用中譯，沿用英文；鉅亨、MoneyDJ 皆保留英文原名,100,
