週結束日,代號,名稱,漲幅(%),市場
2026/10/02,5013,強新工業,46.18,上櫃
2026/10/02,6708,天擎,45.79,上櫃
2026/10/02,5205,中茂,31.79,上櫃
2026/10/02,4174,浩鼎,29.43,上櫃
2026/10/02,3259,鑫創科技,29.15,上櫃
2026/10/02,2061,風青,25.56,上櫃
2026/10/02,6488,環球晶,25.53,上櫃
2026/10/02,8289,泰藝電子,25.36,上櫃
2026/10/02,4556,旭然,24.32,上櫃
2026/10/02,6877,鏵友益,24.08,上櫃
2026/10/02,6174,安碁科技,22.36,上櫃
2026/10/02,6127,九豪精密,22.18,上櫃
2026/10/02,5309,系統電子,22.12,上櫃
2026/10/02,6532,瑞耘,21.83,上櫃
2026/10/02,3236,千如電機,21.78,上櫃
2026/10/02,3162,精確,21.74,上櫃
2026/10/02,5228,鈺鎧,20.88,上櫃
2026/10/02,8227,巨有科技,20.72,上櫃
2026/10/02,6485,點序,19.26,上櫃
2026/10/02,4905,台聯電訊,19.2,上櫃
2026/10/02,3615,安可光電,18.73,上櫃
2026/10/02,6207,雷科,18.4,上櫃
2026/10/02,4760,勤凱,18.06,上櫃
2026/10/02,3105,穩懋,17.73,上櫃
2026/10/02,5483,中美晶,17.51,上櫃
2026/10/02,3707,漢磊,17.03,上櫃
2026/10/02,3441,聯一光,16.57,上櫃
2026/10/02,8240,華宏新技,16.54,上櫃
2026/10/02,8027,鈦昇,16.03,上櫃
2026/10/02,5016,松和工業,16.02,上櫃
2026/10/02,3114,好德科技,15.77,上櫃
2026/10/02,6620,漢達,15.73,上櫃
2026/10/02,5220,萬達光電,15.5,上櫃
2026/10/02,4768,晶呈科技,15.23,上櫃
2026/10/02,4991,環宇-KY,15.21,上櫃